"","Player","Season","Pos","Age","Tm","G","GS","MP","FGM","FGA","FGP","X3PM","X3PA","X3PP","X2PM","X2PA","X2PP","EFG","FTM","FTA","FTP","ORB","DRB","TRB","AST","STL","BLK","TOV","PF","PTS","PER","TS","X3PAR","FTR","ORBP","DRBP","TRBP","ASTP","STLP","BLKP","TOVP","USG","OWS","DWS","WS","WS48","OBPM","DBPM","BPM","VORP","SMOY"
"1","Precious Achiuwa",2021,"PF",21,"MIA",58,3,11.9,1.9,3.6,0.538,0,0,0,1.9,3.6,0.538,0.538,0.9,1.8,0.515,1.2,2.2,3.4,0.5,0.3,0.5,0.7,1.5,4.8,13.9,0.546,0,0.49,11.8,20.7,16.3,6.3,1.3,4.1,13.8,19.3,0.2,1,1.2,0.083,-3.5,-0.8,-4.3,-0.4,0
"2","Jaylen Adams",2021,"PG",24,"MIL",7,0,2.6,0.1,1.1,0.125,0,0.3,0,0.1,0.9,0.167,0.125,0,0,0,0,0.4,0.4,0.3,0,0,0,0.1,0.3,-6.5,0.125,0.25,0,0,16.9,8.7,12.7,0,0,0,18.6,-0.1,0,-0.1,-0.25,-14.9,-5,-19.8,-0.1,0
"3","Ty-Shon Alexander",2021,"SG",22,"PHO",14,0,3,0.1,0.8,0.182,0.1,0.6,0.125,0.1,0.2,0.333,0.227,0.1,0.1,0.5,0.1,0.4,0.5,0.3,0,0.1,0.1,0.1,0.4,0,0.253,0.727,0.182,2.7,15.9,9.5,11.4,0,2.2,14.4,14.7,-0.1,0,-0.1,-0.117,-8,-2.6,-10.6,-0.1,0
"4","Nickeil Alexander-Walker",2021,"SG",22,"NOP",43,10,20.8,4,9.4,0.422,1.6,4.6,0.348,2.4,4.8,0.493,0.507,0.9,1.3,0.741,0.3,2.8,3.1,2.1,1,0.5,1.4,1.9,10.5,12.7,0.526,0.489,0.133,1.3,14.8,8.1,14.6,2.3,2.2,12.5,23,-0.2,1,0.8,0.041,-1.4,0,-1.5,0.1,0
"5","Kostas Antetokounmpo",2021,"PF",23,"LAL",15,0,3.7,0.2,0.7,0.3,0,0,0,0.2,0.7,0.3,0.3,0.4,0.9,0.462,0.3,1,1.3,0.1,0.1,0.3,0.7,0.5,0.8,0,0.382,0,1.3,8.1,29.9,19.1,2.3,1.7,6.4,41.2,20.8,-0.3,0.1,-0.2,-0.173,-13.2,0.2,-13,-0.2,0
"6","Thanasis Antetokounmpo",2021,"SF",28,"MIL",55,2,9.7,1.2,2.4,0.504,0.1,0.5,0.259,1.1,1.9,0.566,0.53,0.5,0.9,0.51,1,1.3,2.2,0.8,0.4,0.2,0.8,1.3,3,10.8,0.537,0.203,0.368,11,13.1,12.1,10.3,1.8,1.7,21.4,15.4,0.1,0.6,0.7,0.065,-3.3,-0.3,-3.5,-0.2,0
"7","Carmelo Anthony",2021,"PF",36,"POR",66,3,24.5,4.8,11.3,0.423,1.9,4.7,0.406,2.9,6.6,0.435,0.507,2,2.3,0.887,0.5,2.7,3.1,1.5,0.7,0.5,0.9,2.1,13.5,14.7,0.548,0.415,0.201,2,12,6.8,9.2,1.4,2,7,23.2,1.6,0.8,2.5,0.073,0.1,-1.6,-1.5,0.2,0
"8","Ryan Arcidiacono",2021,"PG",26,"CHI",42,0,10,1,2.5,0.396,0.5,1.4,0.333,0.5,1.1,0.478,0.491,0.3,0.5,0.65,0.1,1.3,1.5,1.2,0.2,0,0.2,1,2.8,8.7,0.51,0.566,0.189,1.3,14.7,8.1,15.1,0.9,0,6.5,12.7,0.3,0.3,0.7,0.075,-3.3,-0.2,-3.5,-0.2,0
"9","D.J. Augustin",2021,"PG",33,"TOT",54,9,19.5,2.3,5.8,0.393,1.4,3.6,0.39,0.9,2.2,0.398,0.514,1.4,1.6,0.906,0.3,1.3,1.6,3.2,0.5,0,1.1,1,7.4,11.8,0.569,0.623,0.272,1.8,6.8,4.3,21.8,1.2,0.1,14.8,16.4,1.4,0.5,1.9,0.087,-0.7,-1.5,-2.2,-0.1,0
"10","Udoka Azubuike",2021,"C",21,"UTA",12,0,4.1,0.3,0.6,0.571,0,0,0,0.3,0.6,0.571,0.571,0.3,0.5,0.667,0.3,0.8,1.1,0,0.1,0.3,0.3,0.7,1,10.5,0.622,0,0.857,9.1,18.7,14.1,0,1,6.6,23.7,11.1,0,0.1,0.1,0.11,-5.5,1.2,-4.3,0,0
"11","Mo Bamba",2021,"C",22,"ORL",44,4,15.5,3.1,6.4,0.48,0.8,2.5,0.324,2.3,3.9,0.578,0.543,1,1.4,0.677,1.7,4.1,5.8,0.7,0.3,1.3,0.8,1.9,7.9,19.9,0.563,0.384,0.221,10.9,28.3,19.3,7.6,1,7.6,9.9,21.6,0.7,1.1,1.8,0.126,0.3,0.1,0.4,0.4,0
"12","Desmond Bane",2021,"SG",22,"MEM",65,16,22.3,3.5,7.4,0.473,1.8,4,0.44,1.7,3.4,0.511,0.592,0.6,0.7,0.809,0.5,2.7,3.1,1.8,0.6,0.2,0.9,1.9,9.3,12.4,0.606,0.542,0.098,2.2,12.8,7.5,10.9,1.2,0.9,10.1,16.2,1.7,1.2,2.9,0.097,-0.6,-0.3,-0.9,0.4,0
"13","Keita Bates-Diop",2021,"SF",25,"SAS",27,0,7.2,0.7,1.7,0.404,0.2,0.6,0.313,0.5,1.1,0.452,0.457,0.4,0.7,0.632,0.2,1.1,1.3,0.3,0.4,0.2,0.2,0.4,2,10.8,0.497,0.34,0.404,3.2,16.2,9.6,6.1,2.8,2.2,9.8,13.8,0,0.3,0.2,0.06,-3.5,1.4,-2.1,0,0
"14","Kent Bazemore",2021,"SF",31,"GSW",65,16,19.6,2.6,5.8,0.449,1.1,2.8,0.411,1.5,3.1,0.482,0.546,0.8,1.1,0.689,0.4,3,3.4,1.6,1,0.5,1.2,2.3,7.2,10.9,0.565,0.475,0.195,2.2,16.4,9.4,11.4,2.4,2.3,15.9,16.4,-0.2,2,1.8,0.067,-2.8,1.3,-1.4,0.2,0
"15","Jordan Bell",2021,"C",26,"WAS",5,1,13.4,1.4,4,0.35,0,0.4,0,1.4,3.6,0.389,0.35,0,0,0,1.2,2.6,3.8,1,0.6,0.6,0.6,1,2.8,8.5,0.35,0.1,0,9.5,20.5,15,9.5,2.1,3.7,13,14.2,-0.1,0.1,0,-0.005,-4.7,-0.8,-5.5,-0.1,0
"16","DeAndre' Bembry",2021,"SF",26,"TOR",48,11,17.8,2.1,3.9,0.527,0.3,0.9,0.302,1.8,3,0.593,0.561,0.8,1.2,0.672,0.7,2.1,2.8,1.9,0.9,0.3,1.4,1.6,5.2,11,0.585,0.229,0.309,4,13.4,8.5,15.1,2.6,1.9,23.9,14.2,0.1,1,1,0.058,-3.3,1.1,-2.2,0,0
"17","Davis Bertans",2021,"PF",28,"WAS",54,5,25.4,3.3,8.3,0.404,2.9,7.4,0.398,0.4,0.9,0.457,0.582,1.7,2,0.87,0.3,2.6,3,0.9,0.6,0.2,0.5,2.4,11.4,11.5,0.621,0.897,0.242,1.4,10.9,6.2,4.7,1,0.8,5.6,15.7,2.1,0.9,3,0.103,0.5,-1.4,-0.9,0.4,0
"18","Tyler Bey",2021,"SF",22,"DAL",16,0,3.9,0.4,1.3,0.35,0.1,0.3,0.25,0.4,1,0.375,0.375,0.2,0.3,0.6,0.4,0.6,1,0.1,0,0.1,0.1,0.4,1.1,6.8,0.405,0.2,0.25,10.6,17.3,14,4.3,0,1.5,8.3,17,-0.1,0,0,-0.01,-5.2,-3.7,-8.9,-0.1,0
"19","Khem Birch",2021,"C",28,"TOT",64,19,22.3,2.7,5.3,0.5,0.2,0.6,0.268,2.5,4.7,0.532,0.516,1.3,1.9,0.705,2.6,3,5.7,1.3,0.7,0.8,0.6,1.7,6.8,15.2,0.555,0.121,0.359,12,15,13.4,8.4,1.5,3.2,9,13.1,2.3,1.4,3.7,0.124,-0.9,-0.2,-1.1,0.3,0
"20","Goga Bitadze",2021,"C",21,"IND",42,2,11.8,1.8,4.2,0.432,0.4,1.7,0.239,1.4,2.5,0.562,0.48,0.9,1.2,0.776,1.3,1.9,3.2,0.8,0.2,1.3,0.4,2,4.9,16.7,0.524,0.403,0.278,11.7,17.4,14.5,8.8,0.9,9.1,7.5,18.4,0.6,0.7,1.4,0.131,-1.9,1.1,-0.8,0.2,0
"21","Nemanja Bjelica",2021,"PF",32,"TOT",35,1,15.3,2.2,5,0.446,0.6,2.1,0.27,1.7,2.9,0.574,0.503,1,1.3,0.723,0.7,2.6,3.3,1.7,0.3,0.1,0.9,1.8,6,11.5,0.537,0.423,0.269,5.1,19.3,12.2,15.1,1,0.7,13.7,18.3,0.3,0.3,0.5,0.046,-2.2,-1.4,-3.6,-0.2,0
"22","Keljin Blevins",2021,"SF",25,"POR",16,0,4.6,0.3,1.3,0.25,0.1,0.5,0.25,0.2,0.8,0.25,0.3,0,0,0,0.2,0.4,0.6,0.3,0.1,0,0.3,0.5,0.8,-0.9,0.3,0.4,0,4.2,10.4,7.2,6.8,1.3,0,20,14.5,-0.2,0,-0.2,-0.138,-9.1,-3,-12.1,-0.2,0
"23","Bol Bol",2021,"PF",21,"DEN",30,2,4.9,0.8,1.7,0.462,0.3,0.8,0.391,0.5,1,0.517,0.548,0.3,0.5,0.643,0,0.7,0.7,0.2,0.1,0.3,0.4,0.5,2.2,10.5,0.567,0.442,0.269,0,16.1,8.1,6.5,1,6.6,18.3,21,-0.1,0.2,0,0.012,-3,-0.2,-3.2,0,0
"24","Marques Bolden",2021,"C",22,"CLE",6,0,4.8,0.2,0.5,0.333,0,0,0,0.2,0.5,0.333,0.333,0.8,1.3,0.625,0.5,0.5,1,0,0.3,0.3,0.3,0,1.2,13.3,0.537,0,2.667,11.3,12,11.6,0,3.4,6.2,23.5,12.8,0,0,0,0.062,-3.4,0.6,-2.8,0,0
"25","Jordan Bone",2021,"PG",23,"ORL",14,0,14,1.6,3.9,0.426,0.7,2.3,0.313,0.9,1.6,0.591,0.519,0,0,0,0.3,1.4,1.7,1.3,0.1,0,0.2,0.8,4,8.9,0.519,0.593,0,2,11,6.4,13.5,0.5,0,5.3,12.6,0.1,0.1,0.2,0.047,-2.6,-1.6,-4.2,-0.1,0
"26","Isaac Bonga",2021,"SF",21,"WAS",40,8,10.8,0.8,2,0.37,0.3,1.2,0.277,0.4,0.9,0.5,0.451,0.1,0.2,0.625,0.5,1.2,1.7,0.6,0.3,0.2,0.6,1.6,2,4,0.461,0.58,0.099,4.4,11.7,8.1,6.5,1.2,1.7,20.7,10.2,-0.4,0.3,0,-0.002,-5.6,-0.8,-6.4,-0.5,0
"27","Chris Boucher",2021,"C",28,"TOR",60,14,24.2,4.8,9.3,0.514,1.5,3.9,0.383,3.3,5.4,0.609,0.595,2.5,3.2,0.788,2,4.8,6.7,1.1,0.6,1.9,0.8,2.8,13.6,21.9,0.634,0.42,0.345,8.5,22.5,15.3,6.9,1.2,7.7,6.7,20.5,4,2.1,6.1,0.203,2.8,0.1,2.9,1.8,0
"28","Brian Bowen",2021,"SF",22,"IND",6,0,2.5,0.2,0.7,0.25,0,0.2,0,0.2,0.5,0.333,0.25,0.2,0.2,1,0,0.5,0.5,0,0,0,0,0.2,0.5,1.1,0.338,0.25,0.25,0,21.6,10.8,0,0,0,0,12.6,0,0,0,-0.061,-8.2,-3.3,-11.5,0,0
"29","Avery Bradley",2021,"SG",30,"TOT",27,6,22.3,2.4,6.3,0.374,1.2,3.7,0.327,1.1,2.6,0.443,0.471,0.4,0.6,0.8,0.3,1.8,2.1,1.7,0.8,0.1,1,2,6.4,6.3,0.487,0.591,0.088,1.4,9.1,5.2,10.8,1.7,0.5,13.6,14.9,-0.5,0.4,-0.1,-0.008,-4.9,-0.8,-5.7,-0.6,0
"30","Tony Bradley",2021,"C",23,"TOT",40,8,16.3,3.2,4.7,0.667,0,0.1,0,3.2,4.7,0.677,0.667,0.9,1.3,0.679,2,3.7,5.7,0.8,0.4,0.7,0.8,1.5,7.2,20.7,0.678,0.016,0.28,13.3,24.1,18.7,8,1.1,3.8,13.1,16,1.7,0.9,2.6,0.19,1,0,1.1,0.5,0
"31","Jarrell Brantley",2021,"PF",24,"UTA",25,0,5,0.9,1.8,0.478,0.4,1,0.423,0.4,0.8,0.55,0.598,0.1,0.1,1,0.3,0.7,1,0.5,0.2,0.1,0.2,0.7,2.3,15.9,0.608,0.565,0.043,6.2,14.6,10.6,15.2,1.9,1.3,11.3,18.2,0.3,0.2,0.5,0.173,-0.1,1.2,1.1,0.1,0
"32","Ignas Brazdeikis",2021,"SF",22,"TOT",10,0,15.7,1.9,4.8,0.396,0.5,1.1,0.455,1.4,3.7,0.378,0.448,0.9,1.2,0.75,0.8,1.9,2.7,1,0.3,0,0.8,1.7,5.2,7.6,0.488,0.229,0.25,5.2,13,9,9.4,0.9,0,13.1,16.9,-0.1,0.1,0,0,-5.9,-2,-8,-0.2,0
"33","Miles Bridges",2021,"PF",22,"CHO",64,18,29,4.6,9.1,0.506,1.7,4.2,0.405,2.9,4.9,0.592,0.599,1.5,1.7,0.862,1.2,4.8,6.1,2.2,0.7,0.8,1.6,2.1,12.4,14.6,0.628,0.461,0.187,4.6,18.2,11.3,11.4,1.1,2.6,14,17,2.3,1.8,4.1,0.107,0.1,0,0,0.9,0
"34","Amida Brimah",2021,"C",26,"IND",5,0,5.8,1,1.6,0.625,0,0,0,1,1.6,0.625,0.625,0.6,0.6,1,0.4,1.2,1.6,0.2,0,1,0.8,0.8,2.6,16.6,0.697,0,0.375,7.5,22.3,15,4.8,0,14,30,19.6,0,0.1,0,0.075,-5.5,1.5,-4,0,0
"35","Armoni Brooks",2021,"SG",22,"HOU",17,5,24.4,3.4,8.5,0.396,2.8,7.1,0.388,0.6,1.4,0.435,0.559,0.3,0.5,0.556,0.4,2.8,3.2,1.5,0.5,0.3,1.2,1.6,9.8,9.6,0.561,0.84,0.063,1.7,12.9,7.1,9.3,1,1.1,11.9,17.3,0,0.2,0.2,0.021,-1.8,-1.8,-3.6,-0.2,0
"36","Charlie Brown",2021,"SG",23,"OKC",7,1,14.1,1.4,4.4,0.323,0.7,2.3,0.313,0.7,2.1,0.333,0.403,0.3,0.3,1,0.1,1.3,1.4,1,0.6,0.1,0.7,1.7,3.9,4.1,0.423,0.516,0.065,1,9.6,5.3,10.1,1.9,0.9,13.6,15.8,-0.2,0.1,-0.1,-0.046,-7.8,-0.8,-8.6,-0.2,0
"37","Sterling Brown",2021,"SG",25,"HOU",51,14,24.1,2.9,6.6,0.448,1.8,4.2,0.423,1.2,2.4,0.492,0.584,0.5,0.6,0.806,0.7,3.6,4.4,1.4,0.7,0.2,0.8,1.9,8.2,11.1,0.597,0.642,0.093,3.2,16.8,9.7,8.4,1.5,0.9,10.5,13.5,1,0.8,1.8,0.072,-1.7,0,-1.7,0.1,0
"38","Troy Brown Jr.",2021,"SF",21,"TOT",34,0,15.4,1.8,4.2,0.431,0.6,2.1,0.314,1.2,2.2,0.541,0.507,0.4,0.6,0.714,0.6,2.5,3.1,0.9,0.3,0.2,0.6,1.4,4.7,8.5,0.525,0.486,0.146,4.2,17.4,10.8,7.2,0.9,1,12.1,14,0,0.4,0.5,0.042,-3.3,-1,-4.3,-0.3,0
"39","Jalen Brunson",2021,"PG",24,"DAL",65,12,25,4.8,9.2,0.522,1.2,2.9,0.398,3.6,6.3,0.579,0.585,1.8,2.2,0.8,0.4,3,3.4,3.5,0.5,0,1.2,1.6,12.6,17.1,0.616,0.318,0.242,1.8,13.1,7.5,21,1,0,10.3,20.1,3.7,1.1,4.8,0.143,1.4,-0.9,0.4,1,0
"40","Trey Burke",2021,"PG",28,"DAL",59,1,14.9,2.5,5.8,0.431,1,2.7,0.363,1.5,3.1,0.489,0.515,0.9,1,0.895,0.2,0.7,0.9,1.3,0.6,0.1,0.5,1,6.8,12.9,0.549,0.46,0.167,1.1,5.2,3.2,13.1,2,0.7,8,20,0.8,0.7,1.4,0.077,-1.1,-0.6,-1.7,0.1,0
"41","Alec Burks",2021,"SG",29,"NYK",46,5,25.3,4.1,10,0.41,2,4.8,0.405,2.1,5.1,0.415,0.509,2.1,2.5,0.85,0.4,4,4.4,2.2,0.7,0.3,1,2,12.2,14.3,0.553,0.485,0.247,1.8,16.9,9.4,13.1,1.3,1.1,8,21,1.3,1.6,2.9,0.118,0.4,0.2,0.6,0.7,0
"42","Bruno Caboclo",2021,"PF",25,"HOU",6,0,6,1.3,2.8,0.471,0,0.8,0,1.3,2,0.667,0.471,0.2,0.3,0.5,0.5,1.8,2.3,0.2,0,0.3,0.7,1,2.8,9,0.475,0.294,0.118,8.5,34,20.7,4.7,0,5,18.3,25.9,-0.1,0,-0.1,-0.087,-8.5,-2.1,-10.6,-0.1,0
"43","Devontae Cacok",2021,"PF",24,"LAL",19,1,4.9,0.9,1.5,0.607,0,0,0,0.9,1.5,0.607,0.607,0.3,0.6,0.455,0.6,1.1,1.7,0.1,0.3,0.2,0.3,0.4,2.1,18.4,0.594,0,0.393,14.4,23.7,19.1,1.6,2.6,3.8,13.2,17.5,0.1,0.2,0.3,0.156,-0.8,0.9,0.1,0.1,0
"44","Facundo Campazzo",2021,"PG",29,"DEN",63,17,21.9,1.9,4.8,0.388,1.2,3.3,0.36,0.7,1.5,0.452,0.513,1.2,1.4,0.874,0.3,1.7,2,3.5,1.2,0.2,1.1,2.1,6.2,11.8,0.567,0.694,0.286,1.7,8.9,5.3,19.9,2.8,1,17,13.1,1.6,1.5,3.1,0.109,-1.6,1.1,-0.5,0.5,0
"45","Vlatko Cancar",2021,"PF",23,"DEN",38,0,5.6,0.6,1.3,0.412,0.2,0.7,0.231,0.4,0.7,0.6,0.471,0.2,0.3,0.8,0.2,0.8,1.1,0.3,0.2,0.1,0.3,0.4,1.5,8.1,0.505,0.51,0.196,4.8,16.9,10.9,7.1,2.1,0.9,19,13.9,-0.1,0.2,0.1,0.027,-3.5,0,-3.5,-0.1,0
"46","Devin Cannady",2021,"PG",24,"ORL",8,0,9.3,1.4,3.5,0.393,0.8,2,0.375,0.6,1.5,0.417,0.5,0.8,0.9,0.857,0,0.6,0.6,0.1,0.6,0.1,0.3,1.1,4.3,11.2,0.547,0.571,0.25,0,7.3,3.5,2.1,3.3,1.2,6,19.3,0,0.1,0.1,0.059,-4.4,1.3,-3.1,0,0
"47","Vernon Carey Jr.",2021,"C",19,"CHO",18,4,6.2,1,1.9,0.514,0.1,0.4,0.143,0.9,1.6,0.607,0.529,0.4,0.5,0.889,0.3,1.1,1.4,0.1,0.1,0.2,0.3,0.7,2.5,11.8,0.578,0.2,0.257,5.8,19.7,12.7,2.7,0.4,3.6,11.4,17.1,0.1,0.1,0.2,0.071,-4.3,-2,-6.2,-0.1,0
"48","Jevon Carter",2021,"PG",25,"PHO",57,0,11.4,1.4,3.4,0.423,0.9,2.4,0.381,0.5,1,0.527,0.559,0.1,0.1,0.5,0.2,1.2,1.4,1.1,0.5,0.2,0.2,1,3.9,12,0.559,0.716,0.031,2.3,11.4,6.9,12.6,2,1.3,6.6,14.5,0.7,0.7,1.4,0.107,-0.5,1.3,0.9,0.5,0
"49","Alex Caruso",2021,"PG",26,"LAL",57,6,21,2.3,5.2,0.434,0.9,2.3,0.406,1.3,2.9,0.457,0.525,0.9,1.3,0.645,0.5,2.4,2.9,2.7,1.1,0.2,1.3,1.9,6.3,11,0.546,0.448,0.256,2.8,12.8,7.8,17.9,2.6,1,18.5,14.7,0.3,2.1,2.3,0.094,-2.6,2.3,-0.2,0.5,0
"50","Willie Cauley-Stein",2021,"C",27,"DAL",50,16,17.4,2.3,3.6,0.635,0,0.2,0.091,2.2,3.3,0.671,0.638,1,1.5,0.623,1.3,3.3,4.6,0.7,0.4,0.8,0.5,2.3,5.5,14.9,0.649,0.062,0.433,8.1,20.9,14.6,5.6,1.1,4.4,10.9,12.1,1.7,1.1,2.8,0.154,-1.8,0.7,-1.1,0.2,0
"51","Chris Chiozza",2021,"PG",25,"BRK",22,1,10.5,1.4,4,0.352,0.6,1.9,0.31,0.8,2.1,0.391,0.426,0.6,0.8,0.765,0.1,1,1.1,3,0.3,0.3,0.7,0.9,4,12.9,0.461,0.477,0.193,1.5,9.6,5.7,37,1.5,2.3,14.4,20.9,0.1,0.2,0.3,0.062,-0.7,-0.9,-1.6,0,0
"52","Marquese Chriss",2021,"PF",23,"GSW",2,0,13.5,2.5,7,0.357,0.5,2.5,0.2,2,4.5,0.444,0.393,1,2,0.5,1.5,5,6.5,1,0,1,1,1.5,6.5,11.8,0.412,0.357,0.286,12,39,25.6,11,0,6.6,11.3,28.1,-0.1,0.1,0,-0.031,-2.2,-1,-3.2,0,0
"53","Gary Clark",2021,"SF",26,"TOT",37,11,17.3,1.1,3.5,0.305,0.8,2.9,0.287,0.2,0.6,0.391,0.424,0.2,0.3,0.8,0.9,2.2,3.1,0.8,0.3,0.2,0.5,0.9,3.2,6,0.439,0.824,0.076,5.2,13.4,9.2,6.4,0.9,1,11.2,10.3,-0.2,0.4,0.1,0.009,-3.9,-0.9,-4.8,-0.5,0
"54","Brandon Clarke",2021,"PF",24,"MEM",57,16,24.2,4.4,8.5,0.517,0.4,1.3,0.267,4,7.2,0.562,0.537,1.3,1.9,0.685,1.6,4,5.6,1.6,1,0.9,0.6,1.4,10.5,17.3,0.559,0.155,0.229,7.1,17.8,12.4,9.6,2,3.3,5.8,17.3,2.1,1.9,4.1,0.141,0.3,1,1.3,1.1,0
"55","Jordan Clarkson",2021,"SG",28,"UTA",65,1,26.6,6.6,15.7,0.42,3,8.8,0.343,3.6,6.9,0.517,0.515,1.8,2.1,0.896,0.7,3.4,4.1,2.4,0.9,0.2,1.7,1.6,18,16.6,0.543,0.558,0.131,2.9,12.9,8.1,15,1.6,0.5,9.3,29.6,1.3,2.3,3.6,0.101,1.6,-1,0.6,1.1,0
"56","Nicolas Claxton",2021,"C",21,"BRK",29,1,18,2.7,4.4,0.597,0,0.2,0.2,2.6,4.3,0.613,0.601,0.9,1.8,0.472,1.4,3.7,5.1,1,0.8,1.1,0.5,2,6.2,16.8,0.591,0.039,0.411,8.9,21.9,15.7,7.2,2,5.6,8.4,13.8,0.9,0.8,1.6,0.151,-0.5,1.1,0.6,0.3,0
"57","Amir Coffey",2021,"SG",23,"LAC",44,1,9,1,2.3,0.437,0.5,1.3,0.411,0.5,1.1,0.468,0.549,0.6,0.9,0.711,0.2,0.8,1,0.5,0.2,0,0.3,0.7,3.2,10.1,0.585,0.544,0.369,2.9,9.4,6.3,7.4,1.3,0,11.1,15.2,0.4,0.3,0.7,0.085,-2.1,-0.5,-2.6,-0.1,0
"58","Pat Connaughton",2021,"SG",28,"MIL",66,3,22.9,2.4,5.6,0.436,1.5,3.9,0.376,1,1.7,0.577,0.568,0.4,0.6,0.757,0.9,3.9,4.9,1.2,0.7,0.3,0.5,1.5,6.8,11.3,0.58,0.699,0.1,4.5,17.4,11.1,6.4,1.4,1.3,7.7,11.5,1.8,1.7,3.5,0.11,-0.4,0.1,-0.3,0.6,0
"59","Quinn Cook",2021,"PG",27,"TOT",23,0,6.8,1.3,3,0.426,0.5,1.1,0.423,0.8,1.8,0.429,0.507,0.3,0.3,0.875,0.1,0.7,0.7,0.8,0.2,0,0.3,0.4,3.3,12.7,0.531,0.382,0.118,1.4,10.9,6.1,18.4,1.3,0.6,8.9,21.8,0.1,0.1,0.2,0.061,-1.2,-0.4,-1.5,0,0
"60","Tyler Cook",2021,"SF-PF",23,"TOT",30,1,12.3,1.9,2.9,0.644,0,0.1,0.5,1.8,2.8,0.647,0.649,0.5,1,0.452,0.8,1.9,2.7,0.5,0.3,0,0.6,1.1,4.2,12,0.631,0.023,0.356,6.9,17.6,12.2,6.2,1.1,0.2,15.2,14.1,0.3,0.3,0.6,0.079,-3,-0.4,-3.3,-0.1,0
"61","DeMarcus Cousins",2021,"C",30,"TOT",39,11,17.7,3.2,7.6,0.417,1.2,3.5,0.348,1.9,4.1,0.475,0.497,1.5,2.1,0.725,1.3,5.3,6.6,1.9,0.8,0.6,1.6,2.6,9,16,0.531,0.458,0.271,8,32.9,20,16.4,2.1,3,15.8,24.5,-0.1,1.1,1,0.071,-1.2,1.7,0.4,0.4,0
"62","Torrey Craig",2021,"SF",30,"TOT",47,8,15.7,2,4.4,0.466,0.7,2.1,0.361,1.3,2.3,0.56,0.551,0.3,0.4,0.75,1.1,2.7,3.9,0.9,0.5,0.5,0.5,1.6,5.1,13.4,0.563,0.471,0.097,8,19,13.6,7.5,1.6,3,10.4,14.3,0.8,1,1.8,0.118,-0.6,0.5,-0.1,0.3,0
"63","Jarrett Culver",2021,"SG",21,"MIN",34,7,14.7,2,4.9,0.411,0.4,1.6,0.245,1.6,3.4,0.487,0.449,0.9,1.4,0.604,1,2.1,3.1,0.7,0.5,0.3,0.8,1.7,5.3,8.8,0.476,0.315,0.286,7.1,15.8,11.3,6.8,1.6,1.6,12.9,18.2,-0.4,0.3,-0.1,-0.005,-4.8,-1.8,-6.6,-0.6,0
"64","Nate Darling",2021,"SG",22,"CHO",7,0,3.7,0.3,1,0.286,0.3,1,0.286,0,0,0,0.429,0.4,0.4,1,0.1,0,0.1,0.1,0,0.1,0.1,0.1,1.3,8.2,0.541,1,0.429,4.1,0,2.1,5.1,0,3.8,10.7,15.4,0,0,0,0.039,-1.5,-2.7,-4.2,0,0
"65","Ed Davis",2021,"C",31,"MIN",23,7,13,0.8,1.9,0.432,0,0,0,0.8,1.9,0.432,0.432,0.4,0.5,0.833,2,3,5,0.9,0.6,0.6,0.3,2.4,2.1,13.1,0.487,0,0.273,16.1,25.9,20.8,9,2.1,3.8,12.4,7.9,0.5,0.4,0.8,0.136,-3.5,0.7,-2.9,-0.1,0
"66","Terence Davis",2021,"SG",23,"TOT",58,4,17,3.1,7.1,0.436,1.6,4.2,0.372,1.5,2.9,0.527,0.545,0.7,0.8,0.837,0.3,2.1,2.4,1.3,0.7,0.2,1,1.5,8.4,12.7,0.565,0.589,0.119,1.8,13.9,7.7,11.7,1.9,1.2,12.2,21.5,0.2,0.7,0.8,0.041,-0.9,-1,-2,0,0
"67","Gabriel Deck",2021,"PF",25,"OKC",8,0,20.9,2.9,6.8,0.426,0.1,1.6,0.077,2.8,5.1,0.537,0.435,1.6,2.1,0.765,1.8,2.4,4.1,2.5,1,0,0.4,1,7.5,15.2,0.488,0.241,0.315,8.6,12,10.3,18,2.3,0,4.7,16.4,0.2,0.1,0.4,0.103,-1.3,-0.1,-1.4,0,0
"68","Dewayne Dedmon",2021,"C",31,"MIA",14,0,13.5,3,4.1,0.737,0,0.3,0,3,3.8,0.792,0.737,1.4,1.8,0.76,1.7,3.8,5.5,0.9,0.6,0.4,0.8,2,7.4,25.9,0.757,0.07,0.439,14.8,31.4,23.2,10.8,2.1,3.3,13.9,18.8,0.7,0.4,1.1,0.276,2.3,1.1,3.4,0.3,0
"69","Matthew Dellavedova",2021,"PG",30,"CLE",13,1,17.2,1.1,4.3,0.25,0.3,1.9,0.16,0.8,2.4,0.323,0.286,0.3,0.3,1,0.5,1.4,1.8,4.5,0.3,0.1,0.5,1.6,2.8,7.3,0.312,0.446,0.071,2.9,9.3,6,35.2,0.9,0.4,9.4,12.4,-0.1,0.1,0,0.004,-4.6,-2,-6.6,-0.3,0
"70","Mamadi Diakite",2021,"PF",24,"MIL",12,0,8.5,1,2.4,0.414,0.1,0.6,0.143,0.9,1.8,0.5,0.431,0.5,0.5,1,0.5,1.8,2.3,0.5,0.3,0.4,0.3,1,2.6,12.1,0.49,0.241,0.207,6.4,20.9,13.9,7.3,1.8,4.4,8.7,14.2,0.1,0.2,0.2,0.1,-3.2,0.7,-2.6,0,0
"71","Hamidou Diallo",2021,"SG-SF",22,"TOT",50,7,23.2,4.2,8.9,0.477,0.5,1.5,0.365,3.7,7.4,0.5,0.508,2.4,3.8,0.638,1.2,3.9,5.1,1.9,0.8,0.4,1.4,2.5,11.4,14.3,0.542,0.167,0.423,5.3,18.3,11.7,13.4,1.6,1.7,12,22.1,0.3,1.2,1.5,0.064,-2.1,-0.1,-2.3,-0.1,0
"72","Gorgui Dieng",2021,"C",31,"TOT",35,1,14.5,2.1,4.1,0.497,0.8,1.9,0.424,1.3,2.3,0.557,0.593,1.5,1.8,0.857,1,2.6,3.6,1.2,0.7,0.4,0.8,1.5,6.5,18,0.654,0.455,0.434,7.2,19.3,13.2,11.2,2.4,2.6,14.4,16.9,1.1,0.8,1.8,0.172,1,1.3,2.3,0.5,0
"73","Damyean Dotson",2021,"SG",26,"CLE",44,7,19.4,2.5,6.3,0.388,1,3.4,0.278,1.5,2.9,0.52,0.464,0.5,0.8,0.667,0.1,1.9,2,2,0.4,0.1,0.9,0.9,6.4,7.6,0.48,0.543,0.129,0.6,11.4,5.9,15,0.9,0.4,11.5,16.9,-0.5,0.3,-0.2,-0.011,-3.6,-1.6,-5.2,-0.7,0
"74","Devon Dotson",2021,"PG",21,"CHI",9,0,2.9,0.7,1.1,0.6,0,0.1,0,0.7,1,0.667,0.6,0,0,0,0.2,0.1,0.3,0.3,0.3,0,0,0.1,1.3,23.7,0.6,0.1,0,8.6,4.2,6.4,17.9,5.6,0,0,16.7,0.1,0,0.1,0.233,2.5,4.9,7.4,0.1,0
"75","Sekou Doumbouya",2021,"PF",20,"DET",56,11,15.5,1.9,5,0.379,0.5,2.1,0.226,1.4,3,0.485,0.426,0.8,1.1,0.703,0.7,1.9,2.6,0.8,0.4,0.2,0.8,1.7,5.1,6.9,0.459,0.408,0.227,4.9,13.4,9.1,8,1.4,0.9,12.4,17.8,-0.9,0.7,-0.2,-0.011,-5.4,-1.7,-7,-1.1,0
"76","PJ Dozier",2021,"SG",24,"DEN",50,6,21.8,3,7.1,0.417,0.9,3,0.315,2,4.1,0.49,0.483,0.8,1.3,0.636,0.7,2.9,3.6,1.8,0.6,0.4,0.9,1.7,7.7,10.4,0.501,0.42,0.186,3.7,15.3,9.5,11.2,1.4,2,10.7,17.2,0.1,1.1,1.1,0.051,-2.2,-0.8,-3,-0.3,0
"77","Goran Dragic",2021,"PG",34,"MIA",48,11,26.8,4.8,11,0.435,1.8,4.8,0.371,3,6.2,0.483,0.515,2,2.5,0.822,0.5,2.9,3.4,4.4,0.7,0.2,2.3,2.3,13.3,13.1,0.553,0.435,0.224,2.3,12.2,7.3,26.2,1.3,0.7,16.2,24.2,0.2,1.1,1.4,0.051,-1.2,-1.7,-2.9,-0.3,0
"78","Jared Dudley",2021,"PF",35,"LAL",11,0,6.9,0.2,0.6,0.286,0.2,0.5,0.4,0,0.2,0,0.429,0,0,0,0.4,1.4,1.7,0.5,0.1,0.1,0.2,0.6,0.5,5.4,0.429,0.714,0,6,22,14,8.2,0.6,1.2,22.2,5.2,0,0.1,0.1,0.078,-3.8,0.2,-3.6,0,0
"79","Kris Dunn",2021,"PG",26,"ATL",4,0,11.3,0.3,3,0.083,0,0.5,0,0.3,2.5,0.1,0.083,0.8,1,0.75,0,1.5,1.5,0.5,0.5,0.5,0.8,2.5,1.3,-5.7,0.182,0.167,0.333,0,14.4,7.3,5.4,2.2,3.9,17.9,16.2,-0.2,0.1,-0.2,-0.205,-13.9,0,-13.9,-0.1,0
"80","Carsen Edwards",2021,"SG",22,"BOS",29,1,8.4,1.5,3.3,0.453,0.6,1.8,0.302,0.9,1.4,0.643,0.537,0.4,0.4,0.846,0.1,0.7,0.8,0.5,0.2,0,0.2,0.8,3.9,11.9,0.561,0.558,0.137,1.4,9.7,5.5,8.4,1.2,0.4,5.6,18.8,0.3,0.1,0.4,0.081,-2.3,-1.7,-4,-0.1,0
"81","CJ Elleby",2021,"SF",20,"POR",28,0,6.6,0.9,2.3,0.381,0.3,1.1,0.219,0.6,1.1,0.548,0.437,0.4,0.5,0.733,0.4,0.7,1.1,0.4,0.2,0.1,0.2,0.9,2.4,9.7,0.474,0.508,0.238,6.1,11.8,8.9,7.4,1.6,1.4,6.7,17.2,0.1,0.1,0.1,0.038,-3.8,-1.4,-5.2,-0.2,0
"82","Henry Ellenson",2021,"PF",24,"TOR",2,0,19,2.5,7,0.357,1,4.5,0.222,1.5,2.5,0.6,0.429,1.5,2,0.75,1.5,4.5,6,2.5,0,0,0,3.5,7.5,12.8,0.476,0.643,0.286,8.4,27,17.4,19,0,0,0,17.9,0.1,0,0.1,0.129,-3.1,1,-2.1,0,0
"83","Drew Eubanks",2021,"C",23,"SAS",50,2,13.9,2.1,3.7,0.568,0,0,1,2,3.6,0.564,0.574,1.4,1.9,0.708,1.2,3,4.3,0.8,0.3,0.9,0.8,1.6,5.6,17.4,0.617,0.011,0.525,9.2,23.6,16.3,8.1,1.2,5.7,15.1,16.6,1,1.1,2.1,0.144,-1.3,1.4,0.1,0.4,0
"84","Tacko Fall",2021,"C",25,"BOS",17,0,6.6,1.2,1.6,0.741,0,0,0,1.2,1.6,0.741,0.741,0.2,0.8,0.308,0.7,1.8,2.5,0.1,0.1,1,0.2,1.1,2.6,21.5,0.672,0,0.481,11.9,31.1,21.5,2.6,0.4,14.2,10.9,14.1,0.2,0.2,0.5,0.195,-0.7,2.7,2,0.1,0
"85","Derrick Favors",2021,"C",29,"UTA",65,0,15.4,2.2,3.5,0.63,0,0,0,2.2,3.5,0.636,0.63,0.9,1.2,0.738,2.1,3.4,5.5,0.7,0.5,1,0.5,2.1,5.4,19.4,0.658,0.009,0.348,14.9,22.8,19,6,1.5,5.3,11.7,13,2.8,2.1,4.9,0.233,0.1,1.7,1.8,1,0
"86","Cristiano Felicio",2021,"C",28,"CHI",16,0,3.9,0.3,0.4,0.571,0,0.1,0,0.3,0.4,0.667,0.571,0.4,0.6,0.6,0.4,0.5,0.9,0.6,0.1,0,0.3,0.5,0.9,11.7,0.614,0.143,1.429,10.7,14,12.3,17.6,1.5,0,26,10.6,0.1,0.1,0.2,0.121,-2,0.9,-1.1,0,0
"87","Terrance Ferguson",2021,"SG",22,"PHI",13,0,3.8,0.1,0.5,0.143,0,0.4,0,0.1,0.2,0.5,0.143,0,0,0,0,0.1,0.1,0.2,0.1,0,0.3,0.5,0.2,-7.1,0.143,0.714,0,0,2.2,1.1,4.9,1,0,36.4,9.6,-0.2,0,-0.2,-0.159,-12.1,-2.7,-14.8,-0.2,0
"88","Bruno Fernando",2021,"C",22,"ATL",31,0,6.5,0.5,1.1,0.412,0,0.1,0,0.5,1,0.438,0.412,0.4,0.6,0.65,0.5,1.7,2.2,0.3,0.1,0.1,0.7,0.7,1.3,5,0.479,0.059,0.588,8.4,28.5,18.6,5.8,0.5,1.3,32.9,13.8,-0.4,0.2,-0.2,-0.04,-6.3,-1.2,-7.6,-0.3,0
"89","Yogi Ferrell",2021,"PG",27,"TOT",7,0,10.9,1.7,4.9,0.353,0.9,2.3,0.375,0.9,2.6,0.333,0.441,0.4,0.7,0.6,0.4,0.7,1.1,2.3,0.6,0.1,0.4,0.7,4.7,14.6,0.456,0.471,0.147,4.3,7.5,5.9,30.1,2.6,1.2,7.7,22.6,0,0.1,0.1,0.076,0.8,-0.1,0.7,0.1,0
"90","Malik Fitts",2021,"PF",23,"LAC",3,0,3.7,0.3,1,0.333,0.3,0.7,0.5,0,0.3,0,0.5,0,0,0,0,1,1,0,0,0,0,1,1,2.9,0.5,0.667,0,0,29.8,15.3,0,0,0,0,12.1,0,0,0,0.049,-9.6,-0.6,-10.2,0,0
"91","Malachi Flynn",2021,"PG",22,"TOR",44,11,18.3,2.3,6.3,0.371,1,3.1,0.321,1.3,3.2,0.418,0.45,0.8,1,0.81,0.2,2.1,2.3,2.7,0.8,0.1,0.9,1.4,6.5,10.3,0.479,0.493,0.151,1.2,13.2,7,21.4,2,0.7,11.6,18.1,-0.1,0.7,0.6,0.038,-3.1,0.1,-3,-0.2,0
"92","Bryn Forbes",2021,"SG",27,"MIL",68,10,19.4,3.6,7.6,0.471,2.2,4.9,0.45,1.4,2.7,0.508,0.616,0.7,0.9,0.776,0.2,1.5,1.6,0.6,0.4,0,0.6,1.1,10,12.8,0.628,0.644,0.113,0.9,7.8,4.4,4.5,0.9,0.1,7.1,18.4,1.9,0.7,2.7,0.097,0.4,-1.8,-1.4,0.2,0
"93","Trent Forrest",2021,"PG",22,"UTA",27,0,9.6,1,2,0.491,0.1,0.7,0.15,0.9,1.3,0.686,0.518,0.6,0.6,1,0.2,1.1,1.3,1.6,0.3,0.1,0.6,0.6,2.7,11.8,0.592,0.364,0.309,2.2,11.4,7,21.6,1.3,1.3,21.4,13.3,0.3,0.3,0.7,0.122,-2.6,1,-1.7,0,0
"94","Robert Franks",2021,"PF",24,"ORL",7,0,14.4,1.9,4,0.464,0.7,2.1,0.333,1.1,1.9,0.615,0.554,1.7,1.9,0.923,0.9,1.1,2,0.7,0.4,0.4,0.3,1.1,6.1,16.5,0.638,0.536,0.464,6,8.5,7.2,7.4,1.4,2.7,5.6,15.3,0.3,0.1,0.3,0.16,0.4,-0.7,-0.3,0,0
"95","Tim Frazier",2021,"PG",30,"MEM",4,0,9.5,0.5,2.3,0.222,0,0.8,0,0.5,1.5,0.333,0.222,0,0,0,0,1.3,1.3,2.3,0.3,0.3,0.8,1,1,2.2,0.222,0.333,0,0,14.1,7,28.4,1.3,2.4,25,13.3,-0.1,0,-0.1,-0.09,-9.1,-1.7,-10.7,-0.1,0
"96","Wenyen Gabriel",2021,"PF",23,"NOP",18,0,9.1,0.8,2.2,0.375,0.5,1.1,0.45,0.3,1.1,0.3,0.488,0.4,0.7,0.615,0.8,1.3,2.2,0.4,0.4,0.3,0.7,1.3,2.6,9.1,0.514,0.5,0.325,10,15.9,12.9,6.2,2.3,2.9,22.1,15.1,-0.1,0.2,0.1,0.032,-3.9,0.1,-3.8,-0.1,0
"97","Daniel Gafford",2021,"PF-C",22,"TOT",51,11,14.5,2.7,4,0.69,0,0,0,2.7,4,0.69,0.69,1.3,2,0.64,1.7,2.5,4.3,0.5,0.5,1.4,0.7,1.8,6.7,22.1,0.696,0,0.493,13.1,18.8,16,5.5,1.6,8.2,13,16.3,1.9,1.3,3.2,0.209,0.8,1.7,2.5,0.8,0
"98","Danilo Gallinari",2021,"PF",32,"ATL",49,4,24,4.1,9.4,0.437,2.1,5.1,0.411,2,4.3,0.467,0.548,3.2,3.5,0.924,0.3,3.8,4.1,1.5,0.6,0.2,0.9,2,13.5,16.7,0.618,0.539,0.372,1.6,17,9.5,9.4,1.2,0.7,7.4,21.4,2.7,0.9,3.6,0.147,1.8,-0.8,1.1,0.9,0
"99","Langston Galloway",2021,"SG",29,"PHO",38,0,10.4,1.6,3.3,0.465,0.9,1.9,0.446,0.7,1.4,0.491,0.594,0.5,0.5,0.95,0.1,0.9,1,0.6,0.2,0,0.3,0.6,4.5,12.4,0.626,0.583,0.157,1.5,9.6,5.6,8.2,1,0,8.7,16.8,0.6,0.3,0.8,0.102,0.2,-0.7,-0.5,0.1,0
"100","Rudy Gay",2021,"PF",34,"SAS",60,1,21.7,4.3,10,0.426,1.7,4.4,0.387,2.6,5.6,0.457,0.511,1.3,1.6,0.789,0.7,4.1,4.8,1.4,0.7,0.6,1.1,1.9,11.4,14.8,0.536,0.436,0.159,3.4,20.6,11.8,9.7,1.6,2.5,9.1,23.6,0,1.7,1.7,0.063,-0.1,-0.2,-0.3,0.6,0
"101","Taj Gibson",2021,"PF",35,"NYK",42,3,21,2.2,3.5,0.63,0.1,0.4,0.2,2.1,3.1,0.679,0.64,1,1.3,0.727,2.2,3.3,5.5,0.8,0.7,1,0.5,2.3,5.4,15.8,0.667,0.103,0.377,11.6,17.1,14.4,5.1,1.7,4.8,11.4,9.7,1.9,1.6,3.5,0.191,-0.8,2.1,1.2,0.7,0
"102","Harry Giles",2021,"C",22,"POR",37,0,9.3,1.1,2.5,0.436,0.2,0.6,0.364,0.9,1.9,0.458,0.479,0.4,0.7,0.593,0.8,2.7,3.5,0.8,0.2,0.3,0.5,1.5,2.9,12.3,0.501,0.234,0.287,9.3,32.1,20.4,11.1,1.1,3.1,15.9,15.8,0.1,0.4,0.5,0.07,-3.4,-0.2,-3.6,-0.1,0
"103","Anthony Gill",2021,"PF",28,"WAS",24,4,7.9,1.2,2.3,0.5,0.3,1,0.292,0.9,1.3,0.656,0.563,0.2,0.3,0.625,0.6,1.3,1.8,0.4,0.3,0.1,0.3,1,2.8,12.8,0.571,0.429,0.143,7.9,16.8,12.3,7.1,2,1.3,9.2,14.3,0.2,0.2,0.4,0.106,-1.8,-0.2,-2,0,0
"104","Freddie Gillespie",2021,"PF",23,"TOR",17,0,16.7,2.3,4.1,0.565,0,0,0,2.3,4.1,0.565,0.565,1.2,1.5,0.769,2,2.4,4.4,0.4,0.5,1.1,0.5,2.1,5.8,16.5,0.609,0,0.377,12.7,16.5,14.5,3.6,1.5,6.4,10.1,13.6,0.6,0.4,0.9,0.157,-1.8,0.5,-1.3,0.1,0
"105","Brandon Goodwin",2021,"PG",25,"ATL",46,5,13.3,1.8,4.8,0.373,0.7,2.2,0.304,1.1,2.6,0.432,0.443,0.6,0.9,0.651,0.2,1.3,1.5,2.1,0.3,0,0.8,0.9,4.8,8.9,0.467,0.464,0.195,1.5,10.8,6.2,22,1.2,0,13.1,19.6,-0.2,0.3,0.1,0.005,-2.8,-1,-3.8,-0.3,0
"106","Eric Gordon",2021,"SG",32,"HOU",27,13,29.2,5.9,13.6,0.433,2.6,7.8,0.329,3.3,5.8,0.573,0.527,3.5,4.2,0.825,0.3,1.9,2.1,2.6,0.5,0.5,1.9,1.6,17.8,14.5,0.577,0.572,0.311,1,7,3.9,14.6,0.8,1.5,10.9,25.2,0.6,0.2,0.8,0.048,0.9,-1.5,-0.6,0.3,0
"107","JaMychal Green",2021,"PF",30,"DEN",55,5,19.2,3,6.5,0.463,1.4,3.4,0.403,1.6,3.1,0.529,0.569,0.8,1,0.836,1.5,3.4,4.9,0.8,0.5,0.4,0.9,2.4,8.2,13.9,0.593,0.522,0.154,9,19.9,14.4,5.9,1.2,1.9,12,17.9,1.3,1.1,2.5,0.112,-0.2,-1.7,-1.9,0,0
"108","Javonte Green",2021,"SG-PG",27,"TOT",38,2,11.1,1.2,2.3,0.517,0.2,0.7,0.32,1,1.7,0.594,0.562,0.7,0.9,0.722,0.6,1.1,1.7,0.4,0.6,0.1,0.5,1.1,3.3,11.4,0.601,0.281,0.404,6.1,11.2,8.6,4.7,2.7,0.9,14.7,12.6,0.4,0.4,0.8,0.092,-2.4,1.1,-1.3,0.1,0
"109","Josh Green",2021,"SG",20,"DAL",37,5,11.4,1,2.3,0.44,0.1,0.6,0.174,0.9,1.6,0.541,0.464,0.3,0.5,0.6,0.7,1.3,2,0.7,0.4,0.1,0.5,0.9,2.4,8.5,0.485,0.274,0.238,7.1,12.4,9.8,8.4,1.8,0.7,15.5,11.5,0,0.4,0.4,0.048,-3.7,0.1,-3.6,-0.2,0
"110","Kyle Guy",2021,"PG",23,"SAC",30,0,7.2,0.9,2.7,0.338,0.4,1.4,0.256,0.5,1.2,0.432,0.406,0.5,0.6,0.889,0.2,0.8,1,0.9,0.1,0,0.3,0.6,2.7,8.4,0.461,0.538,0.225,2.5,12.5,7.5,16.4,0.9,0,10.2,19.5,-0.1,0,-0.1,-0.015,-4.1,-2.8,-7,-0.3,0
"111","Ashton Hagans",2021,"PG",21,"MIN",2,0,2,0,0,0,0,0,0,0,0,0,0,0,0,0,0,0,0,0,0,0,0.5,0,0,-12.4,0,0,0,0,0,0,0,0,0,100,10.5,0,0,0,-0.352,-13.8,-7.9,-21.7,0,0
"112","Tyrese Haliburton",2021,"PG",20,"SAC",58,20,30.1,5,10.7,0.472,2.1,5.1,0.409,2.9,5.6,0.529,0.569,0.8,1,0.857,0.7,2.3,3,5.3,1.3,0.5,1.6,1.4,13,16.2,0.585,0.478,0.09,2.5,8.6,5.5,24.5,2.1,1.4,12.5,18.1,2.8,0.6,3.5,0.096,1.9,-0.9,1.1,1.4,0
"113","Donta Hall",2021,"PF",23,"ORL",10,0,12.6,1.5,2.3,0.652,0,0,0,1.5,2.3,0.652,0.652,1.1,1.9,0.579,1.9,2.8,4.7,0.8,0.5,0.7,0.4,1.1,4.1,21,0.654,0,0.826,15.1,23.9,19.3,9.4,1.9,5.1,11.3,12.1,0.4,0.2,0.5,0.205,0.6,1.5,2.1,0.1,0
"114","Josh Hall",2021,"SF",20,"OKC",20,0,14.7,1,3.9,0.244,0.2,1.6,0.097,0.8,2.4,0.34,0.263,1,1.9,0.526,0.3,2.2,2.5,1.3,0.2,0.1,1.1,1.6,3.1,-0.4,0.322,0.397,0.487,1.8,15.9,8.7,12,0.6,0.3,18.8,16.9,-1,0.2,-0.9,-0.143,-10.2,-2.3,-12.5,-0.8,0
"115","R.J. Hampton",2021,"PG-SG",19,"TOT",49,1,16.9,2.6,5.9,0.436,0.5,1.6,0.291,2.1,4.2,0.49,0.476,1,1.5,0.68,0.5,2.7,3.3,1.5,0.4,0.2,1,1.2,6.6,10.7,0.506,0.275,0.261,3.3,17.7,10.3,13.5,1.2,1,12.8,19.2,-0.3,0.7,0.4,0.021,-3.3,-1,-4.3,-0.5,0
"116","Tim Hardaway Jr.",2021,"SG",28,"DAL",67,28,28.4,5.8,13.1,0.447,3,7.6,0.396,2.8,5.5,0.518,0.562,2,2.4,0.804,0.3,3.1,3.3,1.7,0.4,0.1,0.9,1.6,16.6,15.5,0.588,0.581,0.186,1.1,11.7,6.5,9.4,0.7,0.5,6.1,23.4,2.9,1.1,4.1,0.102,1.8,-1.8,0,1,0
"117","Jared Harper",2021,"PG",23,"NYK",8,0,2,0,0.5,0,0,0.1,0,0,0.4,0,0,0.4,0.5,0.75,0,0.3,0.3,0.1,0,0,0.4,0.1,0.4,-10.8,0.26,0.25,1,0,13.5,6.8,7.7,0,0,34.2,24.3,-0.1,0,-0.1,-0.365,-16.5,-6.2,-22.8,-0.1,0
"118","Montrezl Harrell",2021,"C",27,"LAL",67,1,22.9,5.4,8.7,0.624,0,0.1,0,5.4,8.6,0.635,0.624,2.7,3.8,0.706,2.3,3.9,6.2,1.1,0.7,0.7,1.1,1.9,13.5,23,0.653,0.017,0.432,11.4,19,15.3,7.9,1.4,2.9,9.3,21.7,4.5,2.7,7.2,0.226,2.6,0.4,3,1.9,0
"119","Jalen Harris",2021,"SG",22,"TOR",11,0,9.9,1.5,3.5,0.436,0.8,1.6,0.5,0.7,1.9,0.381,0.551,0.5,0.5,0.833,0.3,1.1,1.4,1.2,0.5,0,0.8,1,4.4,12.4,0.576,0.462,0.154,2.9,12.6,7.6,17.8,2.7,0,17.8,20.1,0,0.1,0.1,0.061,-1.1,1.1,-0.1,0.1,0
"120","Shaquille Harrison",2021,"SG",27,"TOT",31,0,8.9,0.8,2.1,0.364,0.1,0.4,0.25,0.7,1.7,0.389,0.386,0.6,0.7,0.818,0.2,1.1,1.3,0.7,0.5,0.2,0.3,0.9,2.2,8.5,0.456,0.182,0.333,2.5,13.3,7.9,10.2,2.7,1.8,11.7,13.5,-0.1,0.4,0.3,0.053,-4.9,1.8,-3.1,-0.1,0
"121","Josh Hart",2021,"SF",25,"NOP",47,4,28.7,3.2,7.3,0.439,1.3,4.1,0.326,1.9,3.2,0.583,0.531,1.5,1.9,0.775,1.1,6.9,8,2.3,0.8,0.3,1,2.4,9.2,12.2,0.566,0.561,0.259,4.3,26.1,15.2,10.5,1.4,0.8,11.3,13.5,1.4,1.4,2.8,0.098,-1.1,0,-1.1,0.3,0
"122","Isaiah Hartenstein",2021,"C",22,"TOT",46,2,12.2,2,3.7,0.55,0,0.1,0.333,2,3.6,0.558,0.556,1,1.5,0.648,1.4,2.5,3.9,1.2,0.4,0.8,1,2.3,5.1,17.9,0.583,0.035,0.415,13.1,23.8,18.3,15.3,1.7,6.5,17.9,19.2,0.7,0.9,1.6,0.134,-2.5,1.1,-1.4,0.1,0
"123","Jaxson Hayes",2021,"C",20,"NOP",57,3,15.8,2.8,4.4,0.643,0.1,0.2,0.545,2.7,4.2,0.647,0.655,1.4,1.8,0.775,1.4,2.7,4.1,0.6,0.4,0.6,0.7,1.7,7.1,18.6,0.689,0.044,0.41,9.9,18.6,14.3,5.1,1.2,3.9,11.7,15.6,2.3,0.9,3.2,0.172,0.3,0.1,0.3,0.5,0
"124","Juan Hernangomez",2021,"PF",25,"MIN",49,6,17.4,2.6,5.9,0.443,1.1,3.3,0.331,1.5,2.6,0.583,0.535,1.2,1.9,0.621,0.9,3.1,4,0.7,0.4,0.1,0.5,1,7.5,12.8,0.557,0.557,0.331,5.3,20.3,12.5,5.6,1.1,0.7,6.5,17.3,0.8,0.5,1.3,0.072,-0.8,-1.9,-2.8,-0.2,0
"125","Willy Hernangomez",2021,"C",26,"NOP",44,9,17.4,3.1,5.5,0.556,0,0.2,0.1,3,5.3,0.575,0.558,1.2,1.8,0.663,2.5,4.4,6.9,1,0.5,0.5,0.7,1.4,7.4,19.4,0.582,0.041,0.329,15.5,27.3,21.4,8.3,1.3,2.6,10,17,1.6,0.9,2.5,0.159,0.9,-1.3,-0.4,0.3,0
"126","Tyler Herro",2021,"SG",21,"MIA",51,14,30.5,5.7,13,0.441,2,5.5,0.364,3.7,7.5,0.497,0.518,1.8,2.2,0.811,0.5,4.5,4.9,3.3,0.7,0.3,1.9,1.3,15.3,13.4,0.546,0.422,0.167,1.7,16.3,9.2,17.5,1.1,1.2,11.8,23.5,0.1,1.5,1.6,0.05,-0.4,-1,-1.4,0.2,0
"127","Solomon Hill",2021,"PF",29,"ATL",68,14,21.3,1.5,4.2,0.365,1,3,0.325,0.6,1.3,0.459,0.479,0.5,0.6,0.75,0.6,2.4,3,1,0.7,0.2,0.6,1.6,4.5,6.7,0.503,0.705,0.153,3.1,12.3,7.8,6.2,1.6,0.7,11.8,10.5,0.1,1,1.1,0.037,-3,0.1,-2.9,-0.3,0
"128","Nate Hinton",2021,"SG",21,"DAL",19,0,4.4,0.7,1.8,0.4,0.2,0.8,0.267,0.5,1.1,0.5,0.457,0.4,0.5,0.7,0.1,0.4,0.5,0.4,0.3,0.1,0.3,0.3,2.1,13.2,0.495,0.429,0.286,1.3,10.4,5.9,13.9,3.5,2.2,11.3,23.4,-0.1,0.1,0.1,0.038,-2.5,1.7,-0.8,0,0
"129","Jaylen Hoard",2021,"SF",21,"OKC",17,0,16.2,2.2,4.6,0.487,0,0.5,0,2.2,4.1,0.551,0.487,1.5,2.2,0.684,1.1,2.3,3.4,1.2,0.6,0.2,0.9,1,6,13.1,0.538,0.115,0.487,7.1,15,11,10.9,1.9,1,13.7,16.9,0.1,0.2,0.4,0.064,-2.8,-0.6,-3.3,-0.1,0
"130","Aaron Holiday",2021,"PG",24,"IND",66,8,17.8,2.6,6.6,0.39,1,2.8,0.368,1.6,3.8,0.406,0.467,1,1.3,0.819,0.2,1.1,1.3,1.9,0.7,0.2,1,1.4,7.2,9.3,0.503,0.417,0.19,1.4,6.8,4.1,14.1,1.9,0.9,12.3,19.5,-0.6,0.9,0.3,0.011,-3.2,-1,-4.1,-0.6,0
"131","Rondae Hollis-Jefferson",2021,"PF",26,"POR",11,1,9.7,0.8,1.6,0.5,0,0.1,0,0.8,1.5,0.529,0.5,0.8,1.5,0.563,1,1.4,2.4,1.2,0.2,0.4,0.2,1.4,2.5,14.4,0.539,0.056,0.889,10.6,15.4,13,15.7,0.9,3.4,7.4,10.9,0.3,0.1,0.3,0.147,-1.4,0.8,-0.6,0,0
"132","Rodney Hood",2021,"SF",28,"TOT",55,5,17.1,1.7,4.7,0.362,0.6,2.1,0.301,1.1,2.7,0.408,0.427,0.4,0.5,0.857,0.4,1.5,1.9,1,0.4,0.1,0.7,1.3,4.5,5.6,0.452,0.435,0.108,2.5,9.5,5.9,7.5,1.2,0.7,11.7,14.1,-0.7,0.3,-0.4,-0.019,-5.3,-1.8,-7.1,-1.2,0
"133","Talen Horton-Tucker",2021,"SG",20,"LAL",62,3,19.8,3.4,7.5,0.455,0.5,2,0.274,2.8,5.5,0.521,0.491,1.5,1.9,0.791,0.4,2.3,2.7,2.7,1,0.3,1.6,2,8.8,12.6,0.532,0.268,0.249,2.3,12.7,7.5,20.7,2.3,1.5,16.5,21.7,-0.2,2.1,1.9,0.073,-2.7,1.4,-1.4,0.2,0
"134","Dwight Howard",2021,"C",35,"PHI",67,5,17.4,2.6,4.4,0.586,0.1,0.3,0.25,2.5,4.1,0.61,0.594,1.8,3.1,0.577,2.8,5.7,8.4,0.9,0.4,0.9,1.6,2.9,7.1,17.9,0.609,0.067,0.7,17.9,35.2,26.8,7.1,1.2,4.8,21.8,18.3,1.3,2.6,3.9,0.161,-2.2,0.3,-1.8,0,0
"135","Markus Howard",2021,"SG",21,"DEN",34,0,3.6,0.5,1.9,0.277,0.2,1.3,0.186,0.3,0.6,0.455,0.338,0.1,0.1,0.6,0,0.4,0.4,0.4,0.1,0,0.3,0.5,1.4,-1.3,0.35,0.662,0.077,0.9,11.1,6.1,13.3,1.2,0,14.1,28,-0.6,0.1,-0.5,-0.199,-10.9,-4.5,-15.4,-0.4,0
"136","Elijah Hughes",2021,"SF",22,"UTA",17,0,3.6,0.6,1.8,0.333,0.5,1.4,0.348,0.1,0.4,0.286,0.467,0.2,0.2,0.75,0,0.4,0.4,0.4,0.1,0.1,0.4,0.1,1.8,7.9,0.488,0.767,0.133,0,11.5,6,13.9,0.8,1.3,15.9,26.3,-0.1,0.1,0,-0.028,-2.1,-2,-4.1,0,0
"137","Chandler Hutchison",2021,"SF",24,"TOT",22,0,13.6,1.6,4.2,0.38,0.3,0.9,0.368,1.3,3.3,0.384,0.418,0.7,0.9,0.842,0.3,2.9,3.1,0.8,0.5,0.2,0.8,1.2,4.2,7,0.463,0.207,0.207,2.2,22.5,12.4,7.4,1.7,1.1,15.2,16.5,-0.4,0.4,-0.1,-0.011,-5.7,-0.2,-6,-0.3,0
"138","Andre Iguodala",2021,"SF",37,"MIA",61,5,21.2,1.5,4,0.384,1,3,0.333,0.6,1.1,0.523,0.506,0.4,0.6,0.658,0.6,2.9,3.5,2.3,0.9,0.5,1,1.4,4.5,9.5,0.522,0.735,0.155,3.2,15.5,9.4,14.5,2.2,2.7,19.2,11.3,0,1.8,1.8,0.066,-2.4,1.8,-0.5,0.5,0
"139","Ersan Ilyasova",2021,"PF",33,"UTA",16,1,8.9,1.3,3.1,0.429,1.1,2.4,0.474,0.2,0.7,0.273,0.612,0.3,0.3,1,0.3,1.4,1.7,0.3,0.6,0.2,0.5,1.8,4.1,13.4,0.635,0.776,0.102,3.9,15.6,10,3.9,3.4,1.7,13.5,17.9,0.1,0.3,0.4,0.146,-1.9,2.2,0.3,0.1,0
"140","Joe Ingles",2021,"SF",33,"UTA",64,27,27.8,4.2,8.3,0.498,2.8,6,0.459,1.4,2.3,0.601,0.664,1.1,1.3,0.845,0.4,3.2,3.7,4.7,0.7,0.2,1.7,1.8,12.2,16.2,0.683,0.723,0.157,1.7,11.8,7,24,1.2,0.5,16.3,16.5,4.7,2.1,6.9,0.185,3,0.7,3.7,2.5,0
"141","Wesley Iwundu",2021,"SF",26,"TOT",40,4,13.2,0.8,2.4,0.33,0.1,1,0.122,0.7,1.4,0.482,0.356,0.7,0.8,0.839,0.3,1.8,2.2,0.5,0.4,0.1,0.5,1.2,2.4,4.2,0.429,0.423,0.32,2.7,15.1,8.9,4.2,1.4,0.7,14.7,10.6,-0.5,0.4,0,-0.003,-6.2,-0.4,-6.6,-0.6,0
"142","Frank Jackson",2021,"PG",22,"DET",40,6,18.5,3.4,7.3,0.457,1.5,3.8,0.407,1.8,3.6,0.51,0.561,1.5,1.9,0.813,0.4,1.8,2.2,0.9,0.4,0,0.9,1.3,9.8,13.3,0.598,0.512,0.256,2.2,10.8,6.5,7.9,1,0.1,9.4,21.3,0.7,0.4,1.2,0.076,-0.4,-1.6,-2.1,0,0
"143","Jaren Jackson Jr.",2021,"C",21,"MEM",9,2,23,4.8,11.2,0.426,1.4,5.4,0.265,3.3,5.8,0.577,0.49,3.7,4.3,0.846,1.4,4,5.4,0.9,1,1.6,1.3,3.6,14.7,18.5,0.559,0.485,0.386,6.6,18.7,12.6,5.7,2.1,6.1,9.2,26.6,0.2,0.4,0.6,0.129,-0.5,0.2,-0.3,0.1,0
"144","Josh Jackson",2021,"SG",23,"DET",60,24,25,4.8,11.3,0.423,1.3,4.1,0.309,3.5,7.3,0.486,0.478,2.5,3.5,0.729,0.9,3.1,4,2.2,0.9,0.7,2.3,2.9,13.3,11.9,0.519,0.358,0.305,4,14,8.9,14.6,1.7,2.5,15.4,26.5,-1.5,1.6,0.1,0.003,-2.5,-0.9,-3.4,-0.5,0
"145","Justin Jackson",2021,"SF",25,"OKC",33,3,16.5,2.6,6.4,0.406,1,3.4,0.306,1.6,3.1,0.515,0.486,0.9,1.1,0.857,0.4,1.7,2.2,1.5,0.5,0.1,0.9,0.9,7.2,10.7,0.519,0.524,0.165,2.6,11.1,6.8,14.5,1.3,0.3,12,20.2,-0.1,0.3,0.2,0.018,-2,-1,-2.9,-0.1,0
"146","Justin James",2021,"SF",24,"SAC",34,0,7.4,1,2.4,0.432,0.3,0.9,0.323,0.7,1.5,0.5,0.494,0.4,0.7,0.5,0.1,0.4,0.5,0.5,0.2,0.1,0.3,0.5,2.7,8.2,0.502,0.383,0.296,2.2,5.3,3.7,9.5,1.1,1,9.8,17.3,-0.1,0,-0.1,-0.014,-3.5,-2.8,-6.2,-0.3,0
"147","Mike James",2021,"PG",30,"BRK",10,0,16.6,2,5.6,0.357,0.6,2,0.3,1.4,3.6,0.389,0.411,2,2.4,0.833,0.3,1.9,2.2,3.6,0.4,0.1,1.6,0.6,6.6,11.4,0.496,0.357,0.429,2.1,12.1,7.3,28.2,1.2,0.5,19.4,21.6,0,0.1,0.1,0.025,-2.2,-1.7,-4,-0.1,0
"148","DaQuan Jeffries",2021,"SG",23,"TOT",31,5,15.9,1.6,3.9,0.417,0.6,2.2,0.299,1,1.7,0.566,0.5,0.2,0.3,0.875,0.6,1.7,2.3,0.7,0.5,0.3,0.5,1.5,4.1,7.9,0.514,0.558,0.067,4.1,11.8,7.8,6.1,1.5,1.8,10.2,11.9,0,0.2,0.3,0.027,-3.8,-1.2,-5,-0.4,0
"149","Ty Jerome",2021,"SG",23,"OKC",33,1,23.9,3.9,8.7,0.446,2.2,5.1,0.423,1.7,3.6,0.479,0.57,0.8,1,0.765,0.3,2.5,2.8,3.6,0.6,0.2,1.4,1.8,10.7,13.4,0.585,0.585,0.118,1.3,10.9,6,23.8,1.2,0.7,13.5,18.8,0.8,0.4,1.3,0.078,0.1,-0.4,-0.3,0.3,0
"150","Isaiah Joe",2021,"SG",21,"PHI",38,1,8.8,1,3,0.345,0.8,2.3,0.348,0.2,0.6,0.333,0.482,0.3,0.5,0.722,0.2,0.7,0.9,0.5,0.3,0.1,0.2,0.8,3.2,8.4,0.504,0.788,0.159,2,8.7,5.4,7.3,1.4,1.1,6.9,16.6,0,0.4,0.4,0.063,-2.8,-1.2,-4,-0.2,0
"151","Alize Johnson",2021,"PF",24,"BRK",15,0,12.1,2.6,4.3,0.6,0.1,0.4,0.167,2.5,3.9,0.644,0.608,0.9,0.9,1,1.7,4.2,5.9,0.9,0.3,0.3,0.6,1,6.1,24.3,0.65,0.092,0.2,16.7,36.9,27.2,11.5,1.3,1.9,11.3,19.2,0.6,0.3,0.9,0.235,2.8,0.4,3.3,0.2,0
"152","Cameron Johnson",2021,"PF",24,"PHO",60,11,24,3.4,8.1,0.42,2,5.6,0.349,1.4,2.5,0.581,0.541,0.8,1,0.847,0.6,2.8,3.3,1.4,0.6,0.3,0.7,1.4,9.6,11.8,0.563,0.694,0.122,2.7,12.9,7.9,8,1.3,1,7.3,17,1.2,1.4,2.6,0.085,0,-0.6,-0.6,0.5,0
"153","James Johnson",2021,"PF",33,"TOT",48,9,20.4,2.8,6.4,0.444,0.6,2.4,0.252,2.2,4,0.56,0.492,0.9,1.5,0.614,0.6,2.8,3.5,1.9,0.9,0.9,1.1,2.4,7.2,11.6,0.511,0.376,0.229,3.5,15.1,9.3,12.7,2.1,4,13.2,17.1,0,1.2,1.2,0.06,-2.6,1.3,-1.3,0.2,0
"154","Stanley Johnson",2021,"PF",24,"TOR",58,10,15.2,1.1,3.1,0.373,0.6,1.8,0.321,0.6,1.2,0.451,0.469,0.5,0.6,0.794,0.4,1.8,2.2,1.3,0.8,0.3,0.8,1.9,3.3,7.4,0.503,0.599,0.192,2.8,13.5,8,11.5,2.5,2,19.7,11.7,-0.3,1,0.7,0.038,-4.3,1.1,-3.2,-0.3,0
"155","Tyler Johnson",2021,"SG",28,"BRK",36,3,17.4,1.8,4.7,0.388,1.3,3.4,0.363,0.6,1.3,0.457,0.521,0.5,0.6,0.857,0.2,1.8,1.9,1.1,0.4,0,0.4,1,5.4,8.3,0.544,0.729,0.124,1.1,10.6,6.1,8.3,1.1,0,7.7,13.5,0.4,0.3,0.6,0.049,-2.3,-1.3,-3.6,-0.3,0
"156","Damian Jones",2021,"C",25,"TOT",36,8,12.6,1.5,2.2,0.679,0,0.1,0.333,1.4,2.1,0.693,0.686,0.9,1.3,0.739,0.8,2,2.8,0.6,0.3,0.7,0.6,1.9,3.9,13.5,0.718,0.038,0.59,7.2,17.6,12.4,5.7,1.1,4.6,18.3,11.6,0.8,0.5,1.2,0.132,-2.9,0.9,-2,0,0
"157","Mason Jones",2021,"SG",22,"TOT",32,1,10.4,1.6,3.8,0.423,0.8,2.1,0.364,0.9,1.8,0.491,0.52,1.3,2,0.625,0.2,1.5,1.7,1.3,0.2,0,0.9,0.8,5.3,12.2,0.556,0.537,0.52,2.2,16,8.8,19,1,0.3,16.1,23,0,0.2,0.2,0.029,-1.2,-1.2,-2.4,0,0
"158","Tre Jones",2021,"PG",21,"SAS",34,1,6.3,0.9,1.9,0.462,0.1,0.1,0.75,0.8,1.8,0.443,0.485,0.3,0.3,1,0.2,0.3,0.5,0.8,0.2,0,0.4,0.3,2.1,10.4,0.522,0.062,0.138,3.4,5.6,4.5,16.9,1.6,0,14.8,16.5,0,0.1,0.2,0.034,-3.1,-1.4,-4.5,-0.1,0
"159","Tyus Jones",2021,"PG",24,"MEM",67,8,17.6,2.6,6,0.439,0.7,2,0.324,2,3.9,0.498,0.494,0.6,0.6,0.902,0.3,1.7,2,3.8,0.9,0.1,0.7,0.4,6.4,15.4,0.517,0.341,0.103,1.9,10.2,6,29,2.5,0.5,9.7,16.6,1.6,1.3,2.9,0.117,0.1,0.7,0.7,0.8,0
"160","Cory Joseph",2021,"PG",29,"TOT",62,12,22.8,3.1,6.6,0.471,0.7,2.1,0.336,2.4,4.6,0.532,0.523,1.2,1.4,0.818,0.5,2,2.5,3.4,1,0.3,1.2,2.2,8.1,12.5,0.558,0.311,0.214,2.6,9.6,6.1,21.3,2.1,1,14.6,16.2,1.3,0.8,2.1,0.07,-1.9,-0.2,-2.1,-0.1,0
"161","Mfiondu Kabengele",2021,"PF",23,"TOT",36,0,6.3,0.8,2,0.384,0.3,1.1,0.3,0.4,0.9,0.485,0.466,0.4,0.4,0.813,0.2,0.9,1.1,0.4,0.2,0.2,0.3,0.9,2.3,9.4,0.506,0.548,0.219,3.4,15.6,9.5,9.7,1.5,2.8,12.1,17.8,-0.1,0.2,0.2,0.036,-4.3,-0.2,-4.4,-0.1,0
"162","Frank Kaminsky",2021,"C",27,"PHO",44,13,14.9,2.6,5.3,0.485,0.7,1.9,0.366,1.9,3.5,0.549,0.549,0.8,1.3,0.607,0.7,3.1,3.8,1.5,0.3,0.4,0.5,1.4,6.6,16.1,0.562,0.349,0.238,5.3,23.5,14.5,14.3,1,2.2,7.2,19,1,0.8,1.9,0.137,0.5,0.9,1.4,0.6,0
"163","Luke Kennard",2021,"SG",24,"LAC",60,15,19.3,3,6.3,0.479,1.6,3.5,0.464,1.4,2.9,0.497,0.605,0.4,0.5,0.828,0.3,2.4,2.6,1.7,0.3,0.2,0.8,1.5,8.1,12.8,0.616,0.545,0.076,1.5,13.5,7.7,12.3,0.9,0.7,10.5,16.8,1.6,1,2.6,0.11,0.5,-0.8,-0.3,0.5,0
"164","Louis King",2021,"SF",21,"SAC",3,0,4.7,0.3,1.3,0.25,0,1,0,0.3,0.3,1,0.25,0,0,0,0,1,1,0.3,0.3,0,0.3,1,0.7,-1.7,0.25,0.75,0,0,24.1,11.9,8.7,3.4,0,20,15.4,-0.1,0,0,-0.163,-13.7,-1,-14.6,0,0
"165","Nathan Knight",2021,"PF",23,"ATL",31,0,8,1,2.8,0.352,0.2,0.9,0.172,0.8,1.9,0.441,0.381,1.4,1.6,0.843,0.8,1.2,2,0.2,0.3,0.3,0.5,0.7,3.5,13.4,0.498,0.33,0.58,10.9,16.7,13.8,4,1.8,2.8,12,22.1,0.1,0.3,0.3,0.061,-2.5,-1.6,-4.1,-0.1,0
"166","Kevin Knox",2021,"SF",21,"NYK",42,0,11,1.3,3.4,0.392,0.8,2.1,0.393,0.5,1.3,0.389,0.514,0.4,0.5,0.8,0.2,1.2,1.5,0.5,0.3,0.1,0.4,0.9,3.9,9.1,0.537,0.622,0.14,2.4,11.8,7.1,5.9,1.3,1.2,10.1,16.2,0,0.6,0.6,0.064,-1.5,-0.2,-1.7,0,0
"167","John Konchar",2021,"SG",24,"MEM",41,0,13.4,1.6,3.1,0.496,0.5,1.2,0.373,1.1,1.9,0.577,0.57,0.5,0.6,0.846,0.8,2.2,3,1.1,0.7,0.2,0.4,0.9,4.1,14.5,0.602,0.395,0.202,6.3,17.5,11.8,10.4,2.6,1.5,11.4,12.2,0.8,0.8,1.6,0.139,-0.7,1.3,0.7,0.4,0
"168","Furkan Korkmaz",2021,"SG",23,"PHI",52,10,19.3,3.1,7.7,0.408,1.9,4.8,0.385,1.3,2.8,0.446,0.529,1.1,1.6,0.728,0.3,1.8,2,1.4,0.9,0.2,0.8,1.2,9.3,13.2,0.553,0.63,0.203,1.7,9.8,5.8,10.7,2.3,0.8,9,20.5,0.7,1.4,2.1,0.1,-0.1,0.4,0.3,0.6,0
"169","Luke Kornet",2021,"C-PF",25,"TOT",28,0,9.7,1.3,2.8,0.443,0.5,1.8,0.28,0.8,1,0.724,0.532,0.1,0.2,0.5,0.4,1.5,1.9,0.7,0.1,0.8,0.2,0.5,3.1,13.2,0.533,0.633,0.076,4.1,17.2,10.7,9.6,0.4,7.4,6.8,13.9,0.2,0.3,0.5,0.096,-0.1,0.9,0.8,0.2,0
"170","Rodions Kurucs",2021,"SF-PF",22,"TOT",21,0,6,0.5,1.5,0.344,0.3,1,0.286,0.2,0.5,0.455,0.438,0.1,0.2,0.75,0.2,0.9,1.1,0.5,0.4,0.2,0.6,0.8,1.5,6.3,0.459,0.656,0.125,4.2,15.4,9.8,10.3,3.4,2.9,27.8,15.9,-0.3,0.2,-0.1,-0.041,-7,2.5,-4.6,-0.1,0
"171","Kyle Kuzma",2021,"SF",25,"LAL",65,32,28.8,5,11.3,0.438,2.1,5.8,0.36,2.9,5.6,0.518,0.529,1,1.4,0.705,1.7,4.5,6.2,1.8,0.5,0.6,1.7,1.8,12.9,12.7,0.543,0.51,0.12,6.5,17.4,12,9.4,0.9,1.9,12.2,20.5,0.3,2.8,3.1,0.078,-0.3,-0.5,-0.8,0.6,0
"172","Anthony Lamb",2021,"SF",23,"HOU",21,2,14.7,1.6,4.5,0.358,0.9,2.8,0.322,0.7,1.7,0.417,0.458,0.6,0.7,0.867,1,1.5,2.5,0.6,0.1,0.2,0.6,1.3,4.8,7.5,0.492,0.621,0.158,6.9,11.1,9,5.5,0.5,1.5,11.3,15.8,-0.1,0.1,0,0.002,-4.1,-2.8,-6.9,-0.4,0
"173","Jeremy Lamb",2021,"SG",28,"IND",36,8,21.3,3.3,7.7,0.435,1.4,3.6,0.406,1.9,4.1,0.459,0.529,2,2.1,0.947,0.7,2.9,3.6,1.5,0.9,0.6,0.6,2,10.1,15.8,0.587,0.464,0.272,3.6,14.9,9.3,9.5,2.1,2.4,6.6,18.5,1.2,0.9,2.1,0.134,0.9,0.4,1.3,0.6,0
"174","Romeo Langford",2021,"SG",21,"BOS",15,3,14.6,0.9,2.8,0.31,0.3,1,0.267,0.6,1.8,0.333,0.357,0.3,0.3,1,0.7,1.2,1.9,0.7,0.3,0.3,0.5,1.1,2.3,3.9,0.388,0.357,0.095,5.6,9.2,7.4,5.7,0.9,1.7,15.5,10.2,-0.2,0.1,-0.1,-0.014,-5.1,-0.4,-5.5,-0.2,0
"175","Jake Layman",2021,"SF",26,"MIN",44,11,13.9,2,4.1,0.497,0.5,1.7,0.293,1.5,2.4,0.644,0.559,0.6,0.8,0.703,0.3,1.2,1.5,0.6,0.7,0.4,0.6,1,5.1,11.5,0.579,0.419,0.207,2.2,9.5,5.8,6.6,2.2,2.7,11.7,15.2,0.2,0.5,0.7,0.053,-2.5,0,-2.6,-0.1,0
"176","T.J. Leaf",2021,"PF",23,"POR",6,0,5,0.8,1.5,0.556,0,0,0,0.8,1.5,0.556,0.556,0.3,0.3,1,0,0.7,0.7,0.2,0.3,0.2,0.3,0.2,2,14,0.607,0,0.222,0,14.7,7.1,4.8,3.2,3,16.8,17,0,0,0,0.054,-3.6,2.2,-1.3,0,0
"177","Jalen Lecque",2021,"PG",20,"IND",4,0,3,0.3,2.3,0.111,0,0.3,0,0.3,2,0.125,0.111,0.8,0.8,1,0.5,0.8,1.3,0.5,0,0,0,0,1.3,4.7,0.242,0.111,0.333,18.2,26.9,22.6,20.7,0,0,0,36.7,-0.1,0,-0.1,-0.231,-6.3,-6.8,-13.1,0,0
"178","Damion Lee",2021,"SG",28,"GSW",57,1,18.9,2.2,4.8,0.467,1.4,3.4,0.397,0.9,1.4,0.638,0.608,0.7,0.8,0.909,0.4,2.8,3.2,1.3,0.7,0.1,0.5,1.6,6.5,11.8,0.636,0.708,0.161,2.2,15.4,8.9,9.1,1.7,0.7,9.3,12.8,1.4,1.3,2.7,0.118,-0.8,0.5,-0.3,0.5,0
"179","Saben Lee",2021,"PG",21,"DET",46,7,16,2,4.4,0.468,0.2,0.5,0.364,1.9,3.9,0.48,0.488,1.3,1.9,0.685,0.4,1.6,2,3.6,0.7,0.3,1.1,1.6,5.6,14.1,0.535,0.109,0.443,3,11.1,7,33.5,2.1,1.4,17.8,17.4,0.7,0.7,1.4,0.095,-2.1,0.4,-1.7,0.1,0
"180","Kira Lewis Jr.",2021,"PG",19,"NOP",51,0,16.2,2.4,6.1,0.388,0.7,2.2,0.327,1.6,3.9,0.422,0.447,0.6,0.8,0.821,0.2,0.9,1.2,2.3,0.7,0.2,0.6,1.6,6.1,10.3,0.472,0.362,0.125,1.4,6.3,3.9,19.1,2.1,1.1,8.4,18.2,0.2,0.6,0.8,0.045,-3.2,-0.5,-3.7,-0.3,0
"181","Nassir Little",2021,"PF",20,"POR",47,2,13.5,1.6,3.5,0.461,0.6,1.7,0.35,1,1.8,0.565,0.545,0.8,1,0.8,0.7,2,2.7,0.5,0.1,0.3,0.4,1.1,4.6,11.4,0.584,0.485,0.273,5.2,16.5,10.7,4.7,0.4,1.8,8.9,13.7,0.8,0.2,1,0.079,-1.1,-2.1,-3.2,-0.2,0
"182","Robin Lopez",2021,"C",32,"WAS",68,9,19.2,3.7,5.9,0.631,0.1,0.3,0.278,3.6,5.6,0.647,0.637,1.5,2,0.723,2,1.9,3.8,0.8,0.2,0.6,1,1.5,8.9,16.5,0.661,0.045,0.344,11,10.2,10.6,5.8,0.5,2.8,13.4,16.8,2.7,0.8,3.5,0.13,0.2,-1.4,-1.2,0.3,0
"183","Timothe Luwawu-Cabarrot",2021,"SF",25,"BRK",55,7,18.8,2.3,6.3,0.364,1.3,4.3,0.315,1,2.1,0.465,0.47,0.6,0.8,0.814,0.5,1.8,2.3,1.2,0.6,0.1,0.8,1.8,6.6,7.7,0.493,0.673,0.123,3,10.3,6.8,8.3,1.5,0.5,10.2,17.3,-0.3,0.6,0.3,0.014,-3.2,-1.7,-4.9,-0.7,0
"184","Trey Lyles",2021,"PF",25,"SAS",23,9,15.6,1.9,3.9,0.478,0.6,1.7,0.35,1.3,2.2,0.58,0.556,0.7,1,0.652,0.4,3.3,3.7,0.6,0.3,0,0.3,0.6,5,11.4,0.574,0.444,0.256,2.6,23.3,12.8,5.3,0.8,0.2,5.7,12.9,0.3,0.3,0.7,0.088,-1.2,-0.7,-1.9,0,0
"185","Will Magnay",2021,"C",22,"NOP",1,0,3,0,1,0,0,1,0,0,0,0,0,0,0,0,0,0,0,0,0,0,1,1,0,-35.2,0,1,0,0,0,0,0,0,0,50,28,0,0,0,-0.786,-30.7,-8.9,-39.6,0,0
"186","Thon Maker",2021,"C",23,"CLE",8,0,9.5,1.3,2.3,0.556,0,0.3,0,1.3,2,0.625,0.556,1.3,1.4,0.909,1,1.3,2.3,0.5,0.3,0.5,0.4,0.9,3.8,18.7,0.657,0.111,0.611,11.5,15.2,13.3,7.9,1.3,4.7,11.6,14.8,0.2,0.1,0.3,0.174,0.3,1.2,1.5,0.1,0
"187","Karim Mane",2021,"PG",20,"ORL",10,0,8.8,0.3,1.3,0.231,0.1,0.2,0.5,0.2,1.1,0.182,0.269,0.4,0.5,0.8,0.1,1.3,1.4,0.4,0,0.2,0.3,1,1.1,1.3,0.362,0.154,0.385,1.1,15.9,8.3,6,0,2.1,16.5,8.9,-0.1,0,-0.1,-0.043,-9,-0.8,-9.9,-0.2,0
"188","Terance Mann",2021,"SG",24,"LAC",65,10,19,2.6,5.2,0.5,0.6,1.4,0.416,2,3.9,0.53,0.554,1.1,1.4,0.831,0.9,2.8,3.6,1.6,0.4,0.2,0.6,1.9,6.9,13.5,0.595,0.262,0.262,5.3,16,10.8,11.3,1.2,0.9,9.5,15,2.2,1.3,3.5,0.136,-0.7,0.4,-0.3,0.5,0
"189","Nico Mannion",2021,"PG",19,"GSW",29,1,11.4,1.2,3.5,0.353,0.7,1.9,0.37,0.6,1.7,0.333,0.451,0.7,0.9,0.8,0.1,1.2,1.3,2.2,0.6,0,1,1,3.9,9,0.496,0.529,0.245,1,11.1,6.1,25.3,2.3,0.3,21,18.4,-0.2,0.4,0.2,0.023,-3.6,-0.4,-4,-0.2,0
"190","Boban Marjanovic",2021,"C",32,"DAL",31,3,8.5,2,3.9,0.508,0,0.2,0.143,1.9,3.6,0.531,0.513,0.9,1.1,0.824,1.5,2.5,4.1,0.3,0.1,0.2,0.3,0.9,4.9,22.9,0.559,0.058,0.283,19.9,32.7,26.4,5.5,0.4,2.1,6.9,24.4,0.7,0.3,1,0.19,1.8,-2.8,-1,0.1,0
"191","Naji Marshall",2021,"SF",23,"NOP",29,7,20.7,2.2,5.9,0.376,0.8,2.4,0.338,1.4,3.4,0.404,0.447,1.5,2.2,0.688,0.5,3.8,4.2,2.6,0.8,0.3,0.9,1.8,6.8,11.4,0.495,0.418,0.376,2.5,19.8,11.2,16.4,1.9,1.6,11.2,15.7,0.3,0.6,0.9,0.073,-2,1.1,-0.9,0.2,0
"192","Caleb Martin",2021,"SF",25,"CHO",52,3,15.4,1.8,4.8,0.369,0.6,2.3,0.246,1.2,2.4,0.488,0.43,0.8,1.2,0.641,0.6,2.1,2.7,1.3,0.7,0.2,0.6,1.2,4.9,9.5,0.46,0.49,0.257,4.2,15,9.5,11.5,2.3,1.5,10.4,16.6,-0.4,0.9,0.5,0.032,-3.5,-0.3,-3.7,-0.4,0
"193","Cody Martin",2021,"SF",25,"CHO",52,10,16.3,1.6,3.6,0.441,0.3,1.1,0.276,1.3,2.5,0.515,0.484,0.5,0.8,0.581,1,2.1,3.1,1.7,0.7,0.2,0.8,1,4,10.5,0.5,0.309,0.229,6.6,14,10.3,13.8,2.1,1.4,16.2,12.5,0.2,0.9,1.1,0.062,-2.6,0.3,-2.2,-0.1,0
"194","Jeremiah Martin",2021,"PG",24,"CLE",7,0,7.4,1,3.7,0.269,0.4,1.4,0.3,0.6,2.3,0.25,0.327,0.1,0.7,0.2,0.1,0.7,0.9,0.4,0.6,0,0.7,0.1,2.6,0,0.319,0.385,0.192,2.1,11.1,6.5,8.7,3.8,0,15.1,27.8,-0.3,0.1,-0.3,-0.252,-10,-1.8,-11.8,-0.1,0
"195","Kelan Martin",2021,"SF",25,"IND",32,0,7.9,1.5,3.3,0.448,0.5,1.3,0.381,1,2,0.492,0.524,0.2,0.3,0.875,0.4,1.5,1.9,0.4,0.2,0.2,0.4,0.9,3.7,12.7,0.539,0.4,0.076,6.1,20.5,13.3,7.9,1.3,2.3,11.4,20.7,0,0.3,0.3,0.05,-2.1,-1,-3.1,-0.1,0
"196","Kenyon Martin Jr.",2021,"SF",20,"HOU",42,5,22.9,3.5,6.7,0.52,0.7,1.8,0.395,2.8,4.9,0.566,0.573,1.3,1.7,0.74,1.7,3.5,5.2,1,0.6,0.9,0.7,1.9,9,15.2,0.6,0.27,0.26,7.5,16.9,12,6.4,1.3,3.6,8.7,15.2,1.4,0.8,2.3,0.113,-1.1,-0.2,-1.4,0.2,0
"197","Frank Mason III",2021,"PG",26,"ORL",4,1,19.8,2.3,6,0.375,0.5,1.3,0.4,1.8,4.8,0.368,0.417,1.3,1.8,0.714,0.8,2.3,3,3,0,0,1.3,1.8,6.3,7.5,0.462,0.208,0.292,3.8,12.2,7.9,22.2,0,0,15.6,17.5,0,0,0,-0.016,-6.1,-3.1,-9.2,-0.1,0
"198","Garrison Mathews",2021,"SG",24,"WAS",61,23,16.3,1.5,3.7,0.414,1.2,3.1,0.388,0.3,0.6,0.538,0.575,1.3,1.5,0.89,0.3,1.1,1.4,0.4,0.5,0.1,0.2,1.6,5.6,9.9,0.64,0.828,0.401,1.7,7.2,4.5,3.3,1.3,0.5,3.6,11.5,1.7,0.6,2.3,0.11,-1.6,-0.6,-2.2,-0.1,0
"199","Dakota Mathias",2021,"SG",25,"PHI",8,2,15.4,2.4,6,0.396,1,3.3,0.308,1.4,2.8,0.5,0.479,0.3,0.8,0.333,0.1,0.8,0.9,1.6,0.1,0.4,0.1,0.9,6,9.8,0.474,0.542,0.125,0.9,5.3,3.1,15.1,0.4,2.2,1.9,18,0.1,0.1,0.2,0.063,-1.9,-1.7,-3.6,0,0
"200","Wesley Matthews",2021,"SG",34,"LAL",55,9,19.7,1.5,4.4,0.349,1.1,3.4,0.333,0.4,0.9,0.404,0.479,0.6,0.7,0.842,0.4,1.3,1.6,0.9,0.6,0.3,0.4,1.4,4.8,6.9,0.51,0.784,0.158,2.1,7.1,4.6,6.2,1.5,1.3,8.5,11.3,0.2,1.4,1.6,0.071,-3.2,0.6,-2.6,-0.2,0
"201","Tyrese Maxey",2021,"SG",20,"PHI",58,7,14.8,3.1,6.8,0.461,0.5,1.7,0.292,2.6,5.1,0.515,0.496,0.9,1.1,0.857,0.2,1.4,1.6,1.8,0.4,0.2,0.7,1.2,7.7,13.9,0.528,0.244,0.16,1.4,10.2,5.9,18.8,1.2,1.2,8.5,23,0.6,1,1.6,0.09,-1.5,-0.8,-2.2,0,0
"202","Skylar Mays",2021,"SG",23,"ATL",31,0,7.7,1.2,2.7,0.424,0.4,1.1,0.343,0.8,1.6,0.48,0.494,0.7,0.8,0.88,0.3,0.7,1,0.7,0.5,0,0.3,0.5,3.4,15.6,0.552,0.412,0.294,4.7,9.6,7.2,14,2.9,0,7.7,19,0.4,0.2,0.6,0.123,0.3,0.4,0.7,0.2,0
"203","Patrick McCaw",2021,"SF",25,"TOR",5,0,6.6,0.2,0.2,1,0,0,0,0.2,0.2,1,1,0.6,0.6,1,0.2,0.4,0.6,0.8,0.4,0,0,1.2,1,12,1.078,0,3,3.2,6.9,5,15.2,2.9,0,0,3,0.1,0,0.1,0.211,-2.5,3.5,1,0,0
"204","T.J. McConnell",2021,"PG",28,"IND",66,2,25.5,3.8,6.9,0.561,0.2,0.7,0.318,3.6,6.2,0.587,0.576,0.5,0.7,0.689,0.8,2.8,3.6,6.4,1.8,0.3,1.9,1.6,8.4,16.9,0.585,0.097,0.099,3.5,11.9,7.7,34.2,3.3,1,21,15.2,2.4,2.1,4.6,0.13,-0.1,1.6,1.5,1.5,0
"205","Jaden McDaniels",2021,"PF",20,"MIN",60,25,24,2.6,5.8,0.441,1.1,3.1,0.366,1.4,2.7,0.528,0.539,0.5,0.8,0.6,0.8,3,3.8,1.1,0.6,1,0.7,2.7,6.7,8.9,0.547,0.536,0.13,3.6,13.8,8.5,6.3,1.1,3.5,10.7,12,0.4,1,1.4,0.046,-3.5,-0.3,-3.7,-0.6,0
"206","Jalen McDaniels",2021,"SF",23,"CHO",44,15,18.3,2.7,5.8,0.467,0.7,2.1,0.337,2,3.8,0.539,0.527,0.8,1.3,0.673,1,2.5,3.4,1,0.6,0.4,1,2,7,11.3,0.548,0.358,0.214,5.7,14.7,10.2,8.4,1.6,2.2,13,17.3,0.2,0.8,1,0.058,-3,-0.6,-3.6,-0.3,0
"207","Doug McDermott",2021,"PF",29,"IND",63,26,24.3,5.3,9.9,0.53,1.6,4.3,0.384,3.6,5.7,0.64,0.613,1.2,1.5,0.817,0.9,2.5,3.4,1.3,0.3,0.1,0.8,1.7,13.4,15.5,0.632,0.428,0.149,4.2,11,7.6,7.8,0.6,0.3,7.2,20,2.8,0.7,3.5,0.111,1.5,-2.1,-0.6,0.6,0
"208","Sean McDermott",2021,"SF",24,"MEM",18,0,8.8,0.7,1.8,0.394,0.3,1.2,0.227,0.4,0.6,0.727,0.47,0.4,0.4,1,0.3,0.7,1.1,0.2,0.1,0.2,0.2,0.4,2.2,7.2,0.534,0.667,0.242,4,8.8,6.4,3.1,0.6,1.7,9.9,10.8,0.1,0.1,0.2,0.05,-3.3,-1.8,-5.1,-0.1,0
"209","JaVale McGee",2021,"C",33,"TOT",43,1,14.5,3,6,0.512,0.1,0.5,0.227,2.9,5.4,0.538,0.521,1,1.5,0.662,1.6,3.4,5,0.8,0.4,1.1,1.4,2.6,7.2,16.6,0.545,0.086,0.254,12,26.8,19.2,9.9,1.5,7.1,17.4,24.1,-0.2,1,0.7,0.056,-3.4,1.1,-2.3,0,0
"210","Rodney McGruder",2021,"SG",29,"DET",16,2,12.1,2.3,4.4,0.529,0.7,1.5,0.458,1.6,2.9,0.565,0.607,0.4,0.5,0.75,0.5,0.9,1.4,1,0.5,0.1,0.4,0.8,5.7,16.1,0.619,0.343,0.114,4.5,8.1,6.3,13.6,2,0.4,8.7,18.1,0.3,0.2,0.5,0.121,0.9,-0.2,0.7,0.1,0
"211","Alfonzo McKinnie",2021,"SF",28,"LAL",37,0,6.5,1.2,2.3,0.512,0.4,1,0.417,0.8,1.3,0.583,0.601,0.2,0.5,0.529,0.5,0.8,1.3,0.2,0.1,0,0.1,0.6,3,14.6,0.601,0.429,0.202,9.4,13.5,11.5,3.8,1,0,5.2,17.5,0.4,0.3,0.7,0.147,0.2,-1.4,-1.2,0.1,0
"212","Jordan McLaughlin",2021,"PG",24,"MIN",48,2,18.7,1.9,4.8,0.401,0.6,1.8,0.352,1.3,3,0.431,0.468,0.5,0.6,0.786,0.4,1.7,2.1,3.9,1,0.1,1,0.9,5,11.7,0.489,0.379,0.121,2.3,10.4,6.2,28.2,2.6,0.6,17,13.7,0.4,0.6,1.1,0.056,-2.3,-0.1,-2.4,-0.1,0
"213","Ben McLemore",2021,"SG",27,"TOT",50,5,17.3,2.6,7.1,0.369,1.9,5.4,0.349,0.7,1.7,0.434,0.503,0.8,1.1,0.736,0.3,1.7,2,0.7,0.5,0.2,0.8,1.7,7.9,8.7,0.523,0.766,0.149,1.8,10.8,6.2,6.2,1.3,0.9,10,20.8,-0.5,0.7,0.2,0.011,-2.6,-1.3,-3.9,-0.4,0
"214","Nicolo Melli",2021,"PF",30,"TOT",42,4,12.4,1,3,0.32,0.5,1.8,0.257,0.5,1.3,0.407,0.395,0.4,0.5,0.739,0.6,2,2.6,1,0.3,0.1,0.3,1.4,2.8,7.3,0.427,0.578,0.18,5.3,17.9,11.6,9.9,1.3,0.5,7.4,12.4,0,0.4,0.5,0.042,-4,0.1,-3.9,-0.3,0
"215","De'Anthony Melton",2021,"PG",22,"MEM",49,1,20.1,3.4,7.7,0.444,1.8,4.1,0.43,1.7,3.6,0.46,0.559,0.7,0.9,0.783,0.6,2.6,3.2,2.6,1.1,0.6,1.3,1.7,9.3,15.7,0.575,0.532,0.122,3.1,13.7,8.3,17.9,2.7,2.6,13.5,19.6,0.8,1.4,2.2,0.109,0.9,1.4,2.3,1.1,0
"216","Sam Merrill",2021,"SG",24,"MIL",28,1,7.3,1.1,2.3,0.492,0.8,1.5,0.5,0.4,0.8,0.476,0.659,0.1,0.1,1,0.2,0.8,1,0.7,0.2,0,0.4,0.5,3.1,13.9,0.672,0.667,0.063,3.2,10.4,6.9,12.6,1.2,0.4,13.4,15.3,0.4,0.2,0.6,0.133,0.9,-0.7,0.3,0.1,0
"217","Chimezie Metu",2021,"C",23,"SAC",33,3,12.1,2.3,4.3,0.524,0.2,0.7,0.364,2,3.7,0.554,0.552,0.8,1.2,0.718,0.9,2,2.8,0.8,0.4,0.5,0.8,1.6,5.6,15.6,0.581,0.154,0.273,8,18.3,13.1,8.9,1.6,3.8,13.5,20,0.4,0.3,0.6,0.077,-2.2,-1.3,-3.4,-0.1,0
"218","Darius Miller",2021,"SF",30,"OKC",18,0,10.9,1.2,2.7,0.458,0.9,2.3,0.405,0.3,0.3,0.833,0.635,0.7,0.7,1,0.1,1.2,1.3,1.2,0.7,0.3,0.4,0.7,4.1,15.9,0.685,0.875,0.25,1,11.8,6.3,15.4,3.1,2.3,13.1,13.2,0.4,0.2,0.6,0.155,1.2,2.7,3.9,0.3,0
"219","Patty Mills",2021,"PG",32,"SAS",65,0,24.8,3.8,9,0.416,2.4,6.3,0.377,1.4,2.7,0.506,0.548,1,1.1,0.901,0.3,1.5,1.8,2.4,0.6,0,0.9,1.2,10.9,12.1,0.572,0.7,0.121,1.2,6.5,3.8,13.4,1.3,0.2,8.8,18.3,1.4,0.9,2.3,0.068,0.2,-1.7,-1.5,0.2,0
"220","Shake Milton",2021,"SG",24,"PHI",60,3,23.3,4.7,10.6,0.445,1.1,3.2,0.351,3.6,7.4,0.486,0.498,2.4,2.8,0.839,0.5,1.8,2.3,3,0.6,0.3,1.7,2.1,12.9,14,0.546,0.305,0.264,2.5,8.2,5.4,19.7,1.2,1,12.6,25,0.9,1.6,2.4,0.083,-1.2,-1.4,-2.6,-0.2,0
"221","Adam Mokoka",2021,"SG",22,"CHI",13,0,4.2,0.5,1.4,0.389,0.1,0.8,0.1,0.5,0.6,0.75,0.417,0,0.1,0,0.1,0.3,0.4,0.4,0.2,0.1,0.3,0.4,1.2,4,0.407,0.556,0.056,2.1,8.1,5.1,12.4,1.8,1.6,17.8,18,-0.1,0.1,-0.1,-0.074,-6.6,-1.7,-8.3,-0.1,0
"222","Malik Monk",2021,"SG",22,"CHO",39,0,21.6,4.3,9.8,0.441,2.2,5.2,0.414,2.2,4.6,0.472,0.551,1.5,1.8,0.826,0.4,2.2,2.5,2.2,0.5,0.1,1.4,1.2,12.3,14,0.579,0.53,0.18,1.8,11,6.4,15.8,1,0.5,11.7,23.9,0.6,0.5,1.1,0.062,0.6,-2.2,-1.6,0.1,0
"223","E'Twaun Moore",2021,"SG",31,"PHO",25,1,14.2,1.7,4.2,0.406,0.3,1.3,0.25,1.4,3,0.473,0.443,0.4,0.5,0.833,0.5,1.2,1.7,1.4,0.6,0.2,0.8,1.2,4.2,8.4,0.467,0.302,0.113,4.2,9.4,6.9,12.8,2.1,1,14.6,16.3,-0.2,0.4,0.2,0.022,-4.8,0.6,-4.2,-0.2,0
"224","Juwan Morgan",2021,"PF",23,"UTA",27,0,5.1,0.5,1,0.481,0.1,0.5,0.308,0.3,0.5,0.643,0.556,0.1,0.3,0.429,0.3,0.7,1,0.3,0.1,0,0.1,0.8,1.2,9,0.549,0.481,0.259,7.3,13.3,10.5,8.6,1.4,0.6,11.7,10.7,0.1,0.2,0.3,0.116,-3.2,1.1,-2.1,0,0
"225","Marcus Morris",2021,"PF",31,"LAC",55,27,26.7,4.9,10.4,0.469,2.5,5.3,0.471,2.4,5.1,0.468,0.588,1.3,1.6,0.816,0.6,3.5,4.1,1,0.6,0.3,1,2.1,13.5,14.3,0.61,0.506,0.152,2.6,14.5,8.7,5.6,1.1,0.9,8.3,20,2,1.5,3.4,0.113,0.8,-1,-0.3,0.7,0
"226","Markieff Morris",2021,"PF",31,"LAL",60,26,19.6,2.5,6.1,0.404,1.1,3.4,0.307,1.4,2.7,0.528,0.49,0.6,0.8,0.708,0.8,3.6,4.4,1.2,0.4,0.3,0.9,1.7,6.6,9.1,0.508,0.56,0.131,4.5,20.4,12.5,8.3,0.9,1.4,12.2,16.3,-0.3,1.8,1.5,0.06,-2.8,-0.2,-3,-0.3,0
"227","Monte Morris",2021,"PG",25,"DEN",45,13,25.8,3.9,8.2,0.476,1.1,2.9,0.379,2.8,5.3,0.529,0.543,1.2,1.6,0.789,0.2,1.9,2.1,3.2,0.7,0.3,0.7,1,10.2,13.7,0.571,0.357,0.192,1.1,8.3,4.7,16.7,1.4,1.1,7.6,16.3,1.9,0.8,2.7,0.111,0.1,-1.1,-1,0.3,0
"228","Mychal Mulder",2021,"PG",26,"GSW",58,5,12.4,1.9,4.2,0.443,1.3,3.4,0.392,0.5,0.8,0.66,0.602,0.2,0.4,0.619,0.1,0.8,1,0.4,0.2,0.2,0.3,0.9,5.3,10.3,0.605,0.809,0.085,1.2,7,4.2,4.7,0.7,1.4,5.9,16.2,0.5,0.5,1,0.068,-1.1,-1.5,-2.6,-0.1,0
"229","Mike Muscala",2021,"C",29,"OKC",35,0,18.4,3.4,7.6,0.446,1.9,5.3,0.37,1.5,2.4,0.614,0.573,0.9,1,0.917,0.5,3.2,3.8,0.8,0.2,0.3,0.6,1.5,9.7,14.6,0.599,0.689,0.135,3,18.5,10.7,7,0.6,1.5,6.9,20,0.8,0.4,1.3,0.095,0.8,-1.2,-0.3,0.3,0
"230","Sviatoslav Mykhailiuk",2021,"SF-SG",23,"TOT",65,14,20,3.1,7.6,0.407,1.6,4.8,0.329,1.5,2.8,0.538,0.51,0.6,0.8,0.76,0.4,2.1,2.5,1.7,0.8,0.2,1.3,1,8.3,10.2,0.525,0.63,0.102,2,11.6,6.7,12.8,1.9,0.7,14.5,19.9,-0.9,1.1,0.2,0.007,-2.1,-1,-3.1,-0.4,0
"231","Abdel Nader",2021,"SF",27,"PHO",24,0,14.8,2.4,4.8,0.491,0.8,1.8,0.419,1.6,3,0.534,0.569,1.2,1.5,0.757,0.3,2.3,2.6,0.8,0.4,0.4,0.8,1.4,6.7,13.4,0.605,0.371,0.319,2.3,17.3,9.9,7.4,1.4,2.3,12.6,19,0.3,0.4,0.7,0.095,-1.2,0.8,-0.4,0.2,0
"232","Aaron Nesmith",2021,"SF",21,"BOS",43,0,14.1,1.6,3.6,0.455,0.9,2.3,0.394,0.7,1.3,0.564,0.581,0.5,0.6,0.769,0.6,2,2.6,0.4,0.3,0.2,0.5,1.7,4.6,10,0.601,0.643,0.169,4.6,16.4,10.4,4,1.1,1.4,11.3,13.3,0.6,0.5,1.1,0.084,-2.4,-0.3,-2.7,-0.1,0
"233","Raul Neto",2021,"PG",28,"WAS",63,21,21.8,3.2,6.9,0.467,1,2.6,0.395,2.2,4.4,0.509,0.54,1.1,1.3,0.877,0.4,2,2.4,2.3,1.2,0.1,0.8,1.7,8.6,13,0.574,0.371,0.185,2.1,9.7,5.9,14.1,2.4,0.4,10.1,15.8,1.4,1.3,2.7,0.095,-1.4,0.6,-0.8,0.4,0
"234","Georges Niang",2021,"PF",27,"UTA",69,9,15.8,2.4,5.6,0.436,1.7,4,0.424,0.7,1.6,0.467,0.589,0.2,0.2,1,0.4,2.1,2.5,0.8,0.3,0.1,0.7,1.6,6.8,11,0.599,0.721,0.044,2.9,13.2,8.3,7.3,1,0.6,11.6,17.5,1,1.3,2.3,0.1,-0.7,-0.1,-0.7,0.4,0
"235","Zeke Nnaji",2021,"PF",20,"DEN",40,1,9.1,1.1,2.4,0.474,0.5,1.3,0.377,0.6,1.1,0.595,0.579,0.3,0.4,0.8,0.3,1.1,1.5,0.2,0.2,0.1,0.2,0.7,3.1,10.5,0.6,0.558,0.158,4.1,14,9.1,2.9,0.8,1.1,6.4,13.1,0.4,0.3,0.7,0.092,-1.2,-1.7,-2.9,-0.1,0
"236","Jaylen Nowell",2021,"SG",21,"MIN",41,0,18.2,3.4,8,0.424,1.2,3.6,0.336,2.2,4.5,0.495,0.498,1,1.3,0.811,0.4,1.8,2.3,1.5,0.5,0.3,0.7,1.8,9.1,12.1,0.526,0.442,0.161,2.5,11.3,6.7,12.5,1.3,1.4,7.3,21.4,0.3,0.4,0.6,0.041,-1.6,-1.7,-3.3,-0.3,0
"237","Frank Ntilikina",2021,"PG",22,"NYK",30,4,10.5,0.9,2.6,0.359,0.7,1.6,0.468,0.2,1,0.194,0.5,0.3,0.6,0.444,0.2,0.8,1,0.6,0.6,0.1,0.4,1.4,2.9,7.3,0.5,0.603,0.231,2.1,8.2,5.2,8.3,2.7,0.9,11.3,13.7,-0.1,0.5,0.4,0.06,-4.8,1.9,-2.9,-0.1,0
"238","James Nunnally",2021,"SF",30,"NOP",6,0,6.2,0.7,1.7,0.4,0.5,1.5,0.333,0.2,0.2,1,0.55,0.2,0.3,0.5,0.3,0.8,1.2,0.3,0,0,0.2,0.2,2,9.6,0.551,0.9,0.2,5.9,14.7,10.3,7,0,0,8.4,13.5,0,0,0,0.059,-1.3,-1.5,-2.7,0,0
"239","David Nwaba",2021,"SF",28,"HOU",30,9,22.6,3.5,7.3,0.486,0.6,2.1,0.27,3,5.2,0.574,0.525,1.6,2.3,0.691,1.3,2.6,3.9,1,1,0.7,0.6,2,9.2,14.4,0.557,0.289,0.312,6,12.8,9.2,6.9,2.1,2.8,6.4,16.6,0.7,0.6,1.3,0.094,-1.3,1,-0.3,0.3,0
"240","Jordan Nwora",2021,"SF",22,"MIL",28,2,8.4,1.7,4,0.432,0.9,1.9,0.444,0.9,2,0.421,0.541,0.6,0.8,0.81,0.1,1.5,1.6,0.3,0.5,0.2,0.8,0.7,4.9,13.9,0.57,0.486,0.189,1.8,17.6,10,4.1,3,1.9,14.9,25,-0.1,0.4,0.2,0.047,-2,-0.5,-2.5,0,0
"241","Semi Ojeleye",2021,"PF",26,"BOS",53,13,17,1.6,3.9,0.402,1.1,2.8,0.38,0.5,1.1,0.458,0.538,0.5,0.6,0.75,0.5,2.1,2.6,0.7,0.3,0,0.4,1,4.7,8.3,0.558,0.718,0.153,3.6,13.6,8.6,5.2,0.9,0,8.2,11.6,0.7,0.5,1.2,0.064,-1.4,-1.2,-2.6,-0.1,0
"242","Jahlil Okafor",2021,"C",25,"DET",25,0,12,2.2,3.5,0.625,0.1,0.3,0.286,2.1,3.2,0.654,0.636,0.5,0.8,0.684,0.7,1.6,2.3,0.5,0.2,0.2,0.8,1.4,5,13.1,0.649,0.08,0.216,6.6,14.5,10.5,7,1,1.2,16.5,16.7,0.3,0.2,0.5,0.081,-2.4,-0.7,-3.1,-0.1,0
"243","Chuma Okeke",2021,"PF",22,"ORL",45,19,25.2,3,7.2,0.417,1.1,3.1,0.348,1.9,4.1,0.47,0.492,0.7,0.9,0.75,0.9,3.1,4,2.2,1.1,0.5,0.8,1.1,7.8,11.8,0.511,0.435,0.123,3.7,13.2,8.3,13.1,2.1,1.8,10,14.5,0.3,1,1.4,0.057,-1.8,0.4,-1.4,0.2,0
"244","Onyeka Okongwu",2021,"C",20,"ATL",47,3,11.5,1.7,2.7,0.635,0,0.1,0,1.7,2.6,0.65,0.635,0.7,1.1,0.66,1.1,1.9,2.9,0.3,0.4,0.6,0.6,2,4.1,15.5,0.652,0.024,0.397,10.3,17.6,14,4,1.9,4.9,14.9,14,0.9,0.7,1.6,0.141,-2.9,1,-1.9,0,0
"245","KZ Okpala",2021,"PF",21,"MIA",34,9,12,0.9,2.6,0.345,0.4,1.4,0.245,0.5,1.1,0.474,0.414,0.1,0.3,0.3,0.6,1.3,1.8,0.5,0.2,0.3,0.4,1.6,2.2,3.8,0.41,0.563,0.115,5.4,11.8,8.6,5.6,1,2.3,12.5,11.5,-0.4,0.4,0,-0.005,-6.9,-0.9,-7.9,-0.6,0
"246","Cameron Oliver",2021,"F",24,"HOU",1,0,19,6,10,0.6,1,3,0.333,5,7,0.714,0.65,0,0,0,1,2,3,2,1,0,0,3,13,24.4,0.65,0.3,0,5.4,11.7,8.4,21.1,2.5,0,0,22.4,0.1,0,0.1,0.214,-0.5,0.4,0,0,0
"247","Miye Oni",2021,"SG",23,"UTA",51,0,9.4,0.6,1.9,0.347,0.5,1.6,0.333,0.1,0.2,0.455,0.495,0.1,0.1,0.833,0.4,1.2,1.6,0.5,0.2,0.2,0.3,1.1,1.9,6.4,0.507,0.884,0.063,5.1,12.7,9.1,7.1,1,1.3,14.1,10.2,0.2,0.6,0.8,0.076,-3.1,0.9,-2.2,0,0
"248","Cedi Osman",2021,"SF",25,"CLE",57,24,25.5,3.7,9.9,0.371,1.7,5.5,0.306,2,4.4,0.452,0.456,1.3,1.7,0.8,0.6,2.7,3.4,2.9,0.9,0.2,1.3,2,10.4,10.5,0.487,0.555,0.168,2.8,12.4,7.5,17.4,1.8,0.6,10.7,20.5,-0.4,0.9,0.5,0.017,-1.7,-0.9,-2.6,-0.2,0
"249","Daniel Oturu",2021,"C",21,"LAC",27,0,4.1,0.6,1.1,0.517,0,0,0,0.6,1,0.536,0.517,0.2,0.3,0.625,0.4,0.7,1.1,0.3,0,0.1,0.2,0.7,1.3,12.4,0.538,0.034,0.276,12.7,18.8,15.8,8.7,0.5,3.2,13.3,15.1,0.1,0.1,0.3,0.112,-3.5,-0.9,-4.4,-0.1,0
"250","Jabari Parker",2021,"PF",25,"TOT",11,0,11,1.9,3.5,0.538,0,0.5,0,1.9,3,0.636,0.538,0.3,0.4,0.75,0.8,2.1,2.9,0.6,0.1,0.5,0.8,0.8,4.1,12.4,0.552,0.154,0.103,8.3,21.4,14.8,8.4,0.4,3.8,18.1,17.7,0,0.1,0.1,0.037,-2.5,-0.4,-2.9,0,0
"251","Eric Paschall",2021,"PF",24,"GSW",39,2,17.3,3.7,7.5,0.491,0.4,1.4,0.321,3.3,6.2,0.529,0.52,1.6,2.3,0.719,0.7,2.5,3.2,1.3,0.3,0.2,1.1,1.7,9.5,13.3,0.555,0.181,0.304,4.3,15.1,9.8,11.7,0.8,0.9,11,23.6,0.2,0.7,0.8,0.059,-1.7,-1.5,-3.1,-0.2,0
"252","Anzejs Pasecniks",2021,"C",25,"WAS",1,0,6,0,1,0,0,1,0,0,0,0,0,0,0,0,1,0,1,1,0,0,5,2,0,-40.6,0,1,0,17.8,0,8.8,18.7,0,0,83.3,41.4,-0.1,0,-0.1,-1.114,-40.1,-7.1,-47.1,-0.1,0
"253","Patrick Patterson",2021,"PF",31,"LAC",36,4,14.2,1.8,4,0.434,1,2.8,0.364,0.8,1.3,0.587,0.559,0.3,0.4,0.75,0.4,1.4,1.9,0.6,0.4,0.2,0.3,1.2,4.8,10.7,0.572,0.683,0.11,3.6,11.1,7.5,5.8,1.3,1.4,6.7,14.2,0.5,0.5,1,0.097,-0.5,-0.2,-0.7,0.2,0
"254","Justin Patton",2021,"C",23,"HOU",13,6,19,2.2,5.4,0.414,0.7,2.6,0.265,1.5,2.8,0.556,0.479,0.2,0.3,0.75,1.1,2.7,3.8,1.1,0.9,1.1,0.3,2.6,5.4,11.6,0.488,0.486,0.057,5.8,15.7,10.6,8.1,2.3,5.1,5.3,13,0.1,0.3,0.4,0.076,-3.8,1.7,-2,0,0
"255","Cameron Payne",2021,"PG",26,"PHO",57,0,17.7,3,6.3,0.475,1.1,2.7,0.425,1.9,3.6,0.512,0.565,0.8,0.9,0.885,0.3,2.1,2.3,3.5,0.6,0.3,1,1.6,7.9,16.6,0.592,0.425,0.144,1.7,13,7.4,27.7,1.7,1.3,13,19.5,2,1.1,3.1,0.146,1.3,0.8,2,1,0
"256","Gary Payton II",2021,"PG",28,"GSW",10,0,4,1,1.3,0.769,0.2,0.4,0.5,0.8,0.9,0.889,0.846,0.3,0.4,0.75,0.2,0.9,1.1,0.1,0.6,0.1,0.1,0.8,2.5,29.2,0.847,0.308,0.308,5.4,23.7,14.6,4.1,7,2.2,6.3,16.8,0.2,0.1,0.3,0.331,0.5,9,9.5,0.1,0
"257","Norvel Pelle",2021,"C",27,"TOT",13,0,6.5,0.6,1.2,0.533,0,0,0,0.6,1.2,0.533,0.533,0.3,0.5,0.667,0.5,1,1.5,0.2,0.1,0.7,0.2,1.1,1.5,11.6,0.567,0,0.4,8.1,16.6,12.4,3,0.6,10,14.5,10.8,0.1,0.1,0.2,0.111,-3.4,2.4,-1,0,0
"258","Reggie Perry",2021,"PF",20,"BRK",23,0,8.8,1.4,3.3,0.421,0.2,0.9,0.19,1.2,2.4,0.509,0.447,0.4,0.6,0.769,1.1,1.9,3,0.6,0.3,0.3,0.6,1.6,3.4,12,0.477,0.276,0.171,14.9,22.4,18.8,9.4,1.4,2.6,14.6,20.5,0,0.2,0.2,0.051,-4.3,-1.5,-5.8,-0.2,0
"259","Theo Pinson",2021,"SG",25,"NYK",17,0,2,0.1,0.5,0.111,0,0.5,0,0.1,0.1,1,0.111,0,0,0,0,0.3,0.3,0.1,0,0,0.1,0.2,0.1,-8.1,0.111,0.889,0,0,15.8,8,3.7,0,0,10,13.1,-0.2,0,-0.1,-0.205,-13.6,-2.9,-16.5,-0.1,0
"260","Vincent Poirier",2021,"C",27,"PHI",10,0,3.9,0.3,1.2,0.25,0,0.1,0,0.3,1.1,0.273,0.25,0.2,0.6,0.333,0.6,0.8,1.4,0.2,0,0.3,0.4,0.8,0.8,1.6,0.273,0.083,0.5,17.3,22.1,19.7,6.6,0,6.9,21.5,20.5,-0.2,0.1,-0.1,-0.126,-11.4,-3.2,-14.6,-0.1,0
"261","Jordan Poole",2021,"SG",21,"GSW",49,6,19,3.8,9,0.424,1.8,5.3,0.346,2,3.7,0.536,0.526,1.9,2.2,0.877,0.3,1.5,1.7,1.9,0.5,0.2,0.9,1.7,11.4,14.3,0.571,0.587,0.239,1.5,8.1,4.9,15.1,1.2,0.8,8.6,24.6,0.8,0.8,1.6,0.083,0.4,-1.5,-1.1,0.2,0
"262","Jontay Porter",2021,"PF",21,"MEM",10,0,3.3,0.5,1.2,0.417,0.2,0.7,0.286,0.3,0.5,0.6,0.5,0.3,0.3,1,0.2,0.9,1.1,0.1,0.2,0,0.6,0.8,1.5,6,0.563,0.583,0.25,6.3,29.3,17.7,4.1,2.9,0,31.1,24.7,-0.1,0.1,0,-0.063,-9.6,-0.3,-9.9,-0.1,0
"263","Otto Porter",2021,"SF-PF",27,"TOT",28,6,21.6,3.5,8.1,0.432,1.4,3.7,0.375,2.1,4.4,0.48,0.518,1.3,1.5,0.857,1,4.4,5.4,2,0.6,0.1,0.9,1.5,9.7,14.5,0.552,0.458,0.185,5.2,22.4,13.8,12.9,1.3,0.6,9.2,19.3,0.6,0.6,1.3,0.101,0,-0.5,-0.6,0.2,0
"264","Bobby Portis",2021,"C",25,"MIL",64,7,20.9,4.7,9.1,0.519,1.1,2.4,0.467,3.6,6.8,0.537,0.58,0.8,1.1,0.729,1.9,5.3,7.2,1.1,0.8,0.4,0.9,1.7,11.4,19.8,0.592,0.26,0.12,10,25.5,18,7.4,1.8,1.7,8.2,21,2.6,2,4.6,0.164,1.9,-0.6,1.3,1.1,0
"265","Dwight Powell",2021,"C",29,"DAL",55,16,16,2,3.3,0.612,0.1,0.4,0.238,1.9,2.9,0.66,0.626,1.6,2.1,0.779,1.3,2.6,3.9,1,0.6,0.5,0.7,2.3,5.8,16.8,0.681,0.115,0.617,9.3,17.4,13.4,8.4,2,2.8,13.7,13.6,2.3,1.1,3.4,0.187,-0.9,1.6,0.6,0.6,0
"266","Taurean Prince",2021,"PF",26,"TOT",41,10,22.1,3.2,8,0.401,1.5,3.8,0.4,1.7,4.2,0.401,0.495,1.6,1.9,0.855,0.5,3,3.5,1.9,0.7,0.6,1.1,1.8,9.5,12.1,0.54,0.474,0.232,2.3,15.4,8.8,12.8,1.5,2.3,11.5,19.6,0.2,0.7,1,0.052,-1.2,-0.8,-2,0,0
"267","Payton Pritchard",2021,"SG",23,"BOS",63,2,18.9,2.7,6.1,0.452,1.5,3.6,0.415,1.3,2.5,0.503,0.573,0.6,0.7,0.907,0.5,1.7,2.2,1.7,0.5,0.1,0.8,1.6,7.6,12.3,0.595,0.585,0.112,2.9,10.4,6.6,12.9,1.3,0.7,11.3,16.4,1.6,0.8,2.4,0.095,-0.5,-0.9,-1.4,0.2,0
"268","Immanuel Quickley",2021,"PG",21,"NYK",61,3,19.6,3.7,9.2,0.399,1.9,4.8,0.397,1.8,4.4,0.401,0.503,2.5,2.8,0.889,0.4,1.8,2.2,2.1,0.5,0.2,0.9,1.8,11.7,16.4,0.563,0.52,0.305,2.2,9.9,6.1,16.8,1.3,1,8.2,25.8,1.9,1.4,3.3,0.133,1.9,-0.7,1.1,0.9,0
"269","Jahmi'us Ramsey",2021,"SG",19,"SAC",11,0,3.9,0.6,1.5,0.412,0.2,0.8,0.222,0.5,0.7,0.625,0.471,0.2,0.2,1,0.1,0.5,0.5,0.3,0.3,0.1,0.2,0.1,1.6,13.3,0.503,0.529,0.118,2.6,13.1,7.8,9.6,3.3,2,10.1,19.9,0,0,0,0.023,-2.3,-1.1,-3.4,0,0
"270","Chasson Randle",2021,"PG",27,"ORL",38,5,19.9,2.1,5.6,0.384,1.1,3.1,0.345,1.1,2.5,0.432,0.479,0.8,1.1,0.78,0.2,1.8,1.9,1.8,0.5,0.1,1.1,1.5,6.2,7.1,0.511,0.55,0.194,0.8,9.5,5,13.4,1.2,0.5,15.8,15.5,-0.4,0.4,-0.1,-0.004,-5.1,-1.4,-6.5,-0.9,0
"271","J.J. Redick",2021,"SG",36,"TOT",44,0,16.4,2.4,6.1,0.397,1.5,4,0.371,0.9,2,0.449,0.521,1.1,1.2,0.942,0.1,1.4,1.5,1.2,0.3,0.1,0.8,1.1,7.4,9.9,0.564,0.667,0.195,0.6,9,4.8,9.7,0.7,0.4,11,19.2,0.4,0.3,0.7,0.046,-1.5,-2.2,-3.7,-0.3,0
"272","Paul Reed",2021,"PF",21,"PHI",23,0,6.2,1.3,2.5,0.534,0,0.3,0,1.3,2.3,0.596,0.534,0,0.2,0.25,0.9,1,1.9,0.3,0.3,0.5,0.4,1,2.7,18.2,0.527,0.103,0.069,15.7,18.1,16.9,7.7,2.7,7.5,14.3,21,0,0.3,0.4,0.122,-3.1,1.5,-1.6,0,0
"273","Naz Reid",2021,"C",21,"MIN",67,15,19.1,4.3,8.2,0.522,0.9,2.5,0.349,3.4,5.8,0.596,0.574,1.7,2.3,0.707,1.1,3.4,4.6,1,0.5,1.1,1,2.5,11.1,18.2,0.6,0.301,0.284,6.2,20.2,13,8.9,1.2,4.9,9.6,22.5,1.8,1.2,3,0.114,-0.2,-0.4,-0.6,0.4,0
"274","Cameron Reynolds",2021,"SF",25,"SAS",3,0,2,0.3,0.7,0.5,0,0,0,0.3,0.7,0.5,0.5,0,0,0,0,0,0,0,0,0,0,0,0.7,6.2,0.5,0,0,0,0,0,0,0,0,0,14.5,0,0,0,-0.015,-6.1,-3.2,-9.3,0,0
"275","Nick Richards",2021,"PF",23,"CHO",18,0,3.5,0.2,0.5,0.444,0,0.1,0,0.2,0.4,0.5,0.444,0.4,0.6,0.636,0.2,0.4,0.6,0.1,0,0,0.2,0.4,0.8,5.5,0.542,0.111,1.222,6.8,12.2,9.5,4.1,0,0,17.8,11.5,0,0,0,0.027,-5.8,-2.9,-8.7,-0.1,0
"276","Grant Riller",2021,"PG",23,"CHO",6,0,3.8,1.3,1.8,0.727,0.3,0.7,0.5,1,1.2,0.857,0.818,0,0,0,0,0.2,0.2,0.5,0.2,0,0.2,0,3,29.4,0.818,0.364,0,0,4.8,2.4,26.9,2.1,0,8.3,22.5,0.1,0,0.1,0.23,7.5,2.3,9.8,0.1,0
"277","Austin Rivers",2021,"SG",28,"TOT",33,4,23.3,2.9,6.8,0.426,1.5,4.1,0.366,1.4,2.7,0.517,0.536,0.7,0.9,0.71,0.2,2,2.2,2.2,0.9,0.1,0.9,1.7,7.9,10.3,0.551,0.601,0.139,1,9.6,5.3,13.3,1.9,0.3,11.6,15.3,0.4,0.8,1.2,0.078,-1.9,0.1,-1.8,0,0
"278","Andre Roberson",2021,"SG",29,"BRK",5,0,12.6,0.4,2.8,0.143,0.2,1.6,0.125,0.2,1.2,0.167,0.179,0.2,0.4,0.5,1.4,1.6,3,0.8,0.6,0.2,0.4,0.8,1.2,4.2,0.202,0.571,0.143,12.9,13.5,13.2,7.4,2.3,1.4,11.8,11.7,-0.1,0.1,-0.1,-0.044,-5.1,-1.2,-6.2,-0.1,0
"279","Glenn Robinson III",2021,"SF",27,"SAC",23,2,16,1.8,4.3,0.424,0.7,1.9,0.364,1.1,2.4,0.473,0.505,0.9,1,0.913,0.5,1.5,2,0.9,0.2,0.1,0.5,1,5.3,9.1,0.554,0.444,0.232,3.3,10.4,6.8,7,0.5,0.7,9.2,14,0.3,0,0.2,0.032,-1.9,-2.8,-4.6,-0.2,0
"280","Jerome Robinson",2021,"SG",23,"WAS",17,6,17.9,1.6,5.6,0.295,0.6,2.5,0.262,1,3.1,0.321,0.353,0.9,1.2,0.8,0.2,2,2.2,1.5,0.7,0.4,1.1,1.8,4.9,4.1,0.4,0.442,0.211,1.4,11.8,6.6,10.2,1.8,1.6,15.5,16.7,-0.7,0.3,-0.4,-0.058,-6.5,-1.1,-7.6,-0.4,0
"281","Justin Robinson",2021,"PG",23,"OKC",9,0,9.8,0.8,2.3,0.333,0.4,1.6,0.286,0.3,0.8,0.429,0.429,0.3,0.6,0.6,0.1,0.7,0.8,1,0.3,0,0.2,1.1,2.3,6,0.453,0.667,0.238,1.2,7.2,4.1,14.1,1.6,0,7.9,12.2,0,0,0,0.02,-6.2,-1.3,-7.6,-0.1,0
"282","Rajon Rondo",2021,"PG",34,"TOT",43,2,16.8,2,4.7,0.438,0.7,1.9,0.39,1.3,2.8,0.471,0.517,0.4,0.4,0.941,0.4,2,2.4,4.2,0.8,0.1,1.7,1.2,5.2,13,0.537,0.408,0.085,2.9,12.8,7.9,34.3,2.5,0.5,25.7,17.1,0.4,0.8,1.2,0.077,-0.8,0.4,-0.4,0.3,0
"283","Derrick Rose",2021,"PG",32,"TOT",48,3,25.6,5.8,12.4,0.469,1,2.6,0.386,4.8,9.7,0.491,0.51,2.2,2.6,0.863,0.4,2.2,2.6,4.3,1,0.4,1.6,1.1,14.8,18.5,0.55,0.214,0.209,1.5,9.4,5.5,28.3,2,1.5,10.4,25.9,1.5,1.5,3,0.119,1.5,0.3,1.7,1.2,0
"284","Terrence Ross",2021,"SG",29,"ORL",46,2,29.3,5.5,13.4,0.412,1.9,5.7,0.337,3.6,7.7,0.469,0.485,2.6,3,0.87,0.3,3.1,3.4,2.3,1,0.5,1.6,1.9,15.6,13.2,0.53,0.429,0.224,1.1,11.4,6.1,13.2,1.7,1.4,9.9,24.1,-0.1,1,0.9,0.032,-1.3,-1.1,-2.4,-0.1,0
"285","Luka Samanic",2021,"PF",21,"SAS",32,4,9.5,1.4,3.2,0.447,0.4,1.3,0.279,1.1,1.9,0.567,0.505,0.5,0.9,0.552,0.5,1.6,2.1,0.5,0.2,0.3,0.6,1.3,3.8,9.6,0.518,0.417,0.282,5.5,18.5,11.9,7,1.1,2.2,14.7,19.5,-0.2,0.3,0.1,0.017,-4.3,-0.9,-5.3,-0.2,0
"286","JaKarr Sampson",2021,"PF",27,"IND",26,4,10.2,1.6,3.3,0.471,0.1,0.5,0.25,1.5,2.9,0.507,0.489,0.6,1,0.6,0.8,1.7,2.5,0.1,0.1,0.5,0.5,1.8,3.8,9.1,0.51,0.138,0.287,9.1,17.9,13.5,1.5,0.4,4,12.5,18,-0.1,0.3,0.1,0.024,-6,-2.1,-8.2,-0.4,0
"287","Dario Saric",2021,"C",26,"PHO",47,1,16.9,3,6.6,0.452,1,2.7,0.354,2,3.9,0.519,0.524,1.6,1.8,0.86,0.9,2.8,3.7,1.3,0.5,0.1,1.1,1.9,8.5,14.3,0.574,0.41,0.277,6.2,18.5,12.5,10.4,1.6,0.5,13.4,22.5,0.6,0.9,1.5,0.093,-1.3,-0.8,-2.2,0,0
"288","Tomas Satoransky",2021,"SG",29,"CHI",57,18,22.6,2.9,5.7,0.511,0.7,2.1,0.356,2.2,3.6,0.599,0.575,1.2,1.4,0.848,0.5,1.9,2.5,4.7,0.7,0.2,1.6,1.5,7.7,13.9,0.613,0.363,0.243,2.6,9.4,6,28.1,1.5,0.9,20.7,15.3,1.9,1.1,3.1,0.114,-0.4,-0.1,-0.5,0.5,0
"289","Mike Scott",2021,"PF",32,"PHI",48,12,16.7,1.5,4,0.361,1,3,0.34,0.4,1,0.42,0.487,0.2,0.3,0.667,0.2,2.2,2.4,0.7,0.5,0.2,0.4,1.4,4.1,6.5,0.494,0.742,0.062,1.4,14.1,7.9,5.5,1.4,1.1,8.7,11.7,-0.1,1.1,0.9,0.056,-3.3,0.1,-3.2,-0.2,0
"290","Jay Scrubb",2021,"SG",20,"LAC",1,0,4,0,2,0,0,0,0,0,2,0,0,0,0,0,0,0,0,0,0,0,1,0,0,-33.4,0,0,0,0,0,0,0,0,0,33.3,33.2,-0.1,0,-0.1,-0.88,-26.9,-13.9,-40.8,0,0
"291","Landry Shamet",2021,"SG",23,"BRK",58,10,22.7,3,7.4,0.399,2,5.4,0.377,0.9,2,0.458,0.536,1.1,1.3,0.842,0.2,1.7,1.8,1.6,0.5,0.2,0.8,1.5,9.1,9.9,0.566,0.726,0.176,0.8,7.7,4.4,9.3,1.1,0.6,9.2,16.9,0.9,0.6,1.5,0.053,-1.4,-1.5,-2.9,-0.3,0
"292","Iman Shumpert",2021,"SG",30,"BRK",2,0,5.5,0.5,2,0.25,0,1.5,0,0.5,0.5,1,0.25,0,0,0,0.5,0,0.5,0,0.5,0,0.5,0,1,-0.3,0.25,0.75,0,10.5,0,5,0,4.4,0,20,19.8,-0.1,0,0,-0.212,-10.2,-2.7,-13,0,0
"293","Chris Silva",2021,"PF",24,"TOT",15,0,6.1,0.7,1.1,0.625,0.1,0.1,1,0.6,1,0.6,0.656,0.7,1,0.733,0.5,1.3,1.8,0.4,0.1,0.4,0.7,1.6,2.1,11.5,0.708,0.063,0.938,8.9,24.3,16.7,9.3,0.5,6.6,30.7,15.9,0.1,0.1,0.2,0.101,-6.2,0.8,-5.5,-0.1,0
"294","Anfernee Simons",2021,"SG",21,"POR",61,0,17.2,2.7,6.4,0.418,1.9,4.5,0.426,0.8,1.9,0.398,0.567,0.7,0.9,0.8,0.2,2,2.3,1.4,0.3,0.1,0.7,1.5,8,12.5,0.587,0.697,0.141,1.4,13,7,12,0.8,0.7,9.4,18.8,1.4,0.3,1.7,0.078,0.6,-1.8,-1.2,0.2,0
"295","Deividas Sirvydis",2021,"SG",20,"DET",19,0,6,0.4,1.5,0.276,0.3,1.1,0.286,0.1,0.4,0.25,0.379,0.2,0.3,0.5,0,1.5,1.5,0.3,0.1,0,0.2,0.5,1.3,3.1,0.395,0.724,0.207,0,27.5,13.6,6,0.9,0,11.2,13.7,-0.2,0.1,-0.1,-0.039,-6.6,-1,-7.6,-0.2,0
"296","Alen Smailagic",2021,"PF",20,"GSW",14,1,4.6,0.6,1.5,0.429,0.2,0.5,0.429,0.4,1,0.429,0.5,0.1,0.4,0.333,0.4,0.6,1,0.2,0.1,0.4,0.3,0.6,1.6,10.6,0.486,0.333,0.286,8.4,14.8,11.6,6.5,1.5,6.9,14.5,18.5,-0.1,0.1,0,0.028,-4.1,0.1,-3.9,0,0
"297","Dennis Smith Jr.",2021,"PG",23,"TOT",23,9,18.3,2.5,6.3,0.4,0.8,2.5,0.328,1.7,3.8,0.448,0.466,0.8,1.1,0.731,0.5,1.9,2.4,3.3,1,0.6,1.1,1.6,6.7,13.6,0.492,0.4,0.179,3.1,11.5,7.3,27.8,2.7,2.9,14.3,19,0.1,0.6,0.6,0.07,-1.3,1.5,0.2,0.2,0
"298","Ish Smith",2021,"PG",32,"WAS",41,1,20.5,2.8,6.5,0.427,0.4,1.1,0.383,2.3,5.4,0.436,0.461,0.4,0.8,0.581,0.5,2.8,3.2,3.8,0.7,0.3,0.9,1.4,6.4,11.4,0.47,0.176,0.116,2.4,14.2,8.3,24.6,1.6,1.2,11.9,15.7,0.1,0.8,0.9,0.051,-2.2,0.1,-2.1,0,0
"299","Jalen Smith",2021,"PF",20,"PHO",25,0,4.1,0.6,1.4,0.441,0.1,0.5,0.25,0.5,0.9,0.545,0.485,0.2,0.3,0.714,0.2,0.6,0.9,0.1,0,0.1,0.2,0.5,1.5,7.9,0.512,0.353,0.206,6.7,17.3,12.1,2.6,0.5,1.8,13.9,18.7,-0.1,0.1,0,0.011,-4.6,-1.4,-6,-0.1,0
"300","Ray Spalding",2021,"C",23,"HOU",2,0,9.5,1,2,0.5,0,0.5,0,1,1.5,0.667,0.5,0,1,0,1,1,2,0,0,1,1.5,1.5,2,0.8,0.41,0.25,0.5,10.7,11.7,11.2,0,0,9.5,38.1,17.6,-0.1,0,-0.1,-0.184,-8.9,-1.4,-10.4,0,0
"301","Cassius Stanley",2021,"SG",21,"IND",22,0,3.8,0.6,1.8,0.333,0.1,0.5,0.25,0.5,1.2,0.37,0.372,0.3,0.4,0.778,0.3,0.5,0.9,0,0,0.1,0,0.5,1.6,7.9,0.419,0.308,0.231,9.2,15.6,12.4,1.6,0.6,2,2.3,22.6,-0.1,0.1,0,-0.013,-5.8,-3.6,-9.3,-0.2,0
"302","Lamar Stevens",2021,"PF",23,"CLE",40,0,12.5,1.6,3.4,0.456,0.1,0.6,0.16,1.5,2.8,0.523,0.471,0.9,1.3,0.725,0.6,1.8,2.4,0.6,0.4,0.3,0.6,1.3,4.1,10.5,0.521,0.184,0.375,5.2,16.7,10.8,7.4,1.7,2.3,12.7,15.9,0,0.4,0.4,0.043,-4,0,-4,-0.3,0
"303","Isaiah Stewart",2021,"C",19,"DET",68,14,21.4,3.3,6,0.553,0.3,0.9,0.333,3,5.1,0.592,0.578,0.9,1.4,0.696,2.3,4.3,6.7,0.9,0.6,1.3,1,2.7,7.9,16.4,0.597,0.154,0.225,12,22.6,17.3,6.3,1.3,5.1,13,15.5,1.9,2.1,4,0.132,-1.6,0.4,-1.2,0.3,0
"304","Max Strus",2021,"SF",24,"MIA",36,0,13,2.1,4.7,0.456,1.3,3.8,0.341,0.9,0.9,0.912,0.592,0.4,0.6,0.65,0.1,0.9,1,0.6,0.3,0,0.2,1.2,5.9,11.7,0.599,0.799,0.118,1.2,7.7,4.5,7.3,1.1,0.2,4.3,17.9,0.5,0.3,0.8,0.084,-0.4,-1.7,-2.1,0,0
"305","Edmond Sumner",2021,"SG",25,"IND",53,24,16.2,2.8,5.3,0.525,0.7,1.7,0.398,2.1,3.7,0.582,0.587,1.3,1.6,0.819,0.3,1.4,1.8,0.9,0.6,0.2,1,1.7,7.5,12.7,0.626,0.312,0.294,2.3,9.5,5.9,8,1.8,0.9,13.8,18.3,0.7,0.7,1.4,0.079,-2.3,-0.6,-2.9,-0.2,0
"306","Jeff Teague",2021,"PG",32,"TOT",53,6,17.1,2.2,5,0.431,0.6,1.5,0.403,1.6,3.6,0.442,0.489,1.5,1.8,0.849,0.3,1.3,1.6,2.3,0.6,0.2,1.1,1.1,6.4,11.7,0.552,0.288,0.348,1.8,8.3,5.1,18,1.7,1.1,16.3,17.3,0.6,0.7,1.3,0.07,-2.1,-0.5,-2.6,-0.1,0
"307","Garrett Temple",2021,"SG",34,"CHI",53,23,27.3,2.8,6.9,0.415,1.2,3.6,0.335,1.6,3.3,0.503,0.503,0.8,0.9,0.8,0.5,2.4,2.9,2.2,0.8,0.5,1,2.3,7.7,8.3,0.526,0.525,0.137,2.1,9.6,5.9,10.7,1.4,1.6,12.5,13.2,0.2,1.3,1.5,0.05,-3.3,-0.2,-3.5,-0.5,0
"308","Tyrell Terry",2021,"PG",20,"DAL",11,0,5.1,0.5,1.5,0.313,0,0.6,0,0.5,0.8,0.556,0.313,0.1,0.3,0.333,0,0.5,0.5,0.5,0.5,0,0.2,0.2,1,6,0.318,0.438,0.188,0,11.7,5.9,14,4.4,0,10.4,15.3,-0.1,0.1,-0.1,-0.048,-7.7,2.2,-5.5,-0.1,0
"309","Brodric Thomas",2021,"SG",24,"TOT",29,1,10.7,1,2.9,0.353,0.5,1.7,0.313,0.5,1.3,0.405,0.441,0.9,1.2,0.714,0.2,1.1,1.3,0.8,0.3,0.3,0.8,1.1,3.4,7.4,0.498,0.565,0.412,2.4,11.5,6.8,10.9,1.6,2.9,18,17.1,-0.3,0.2,-0.1,-0.009,-4.8,-0.2,-5,-0.2,0
"310","Isaiah Thomas",2021,"PG",31,"NOP",3,0,16,3,9,0.333,1,4,0.25,2,5,0.4,0.389,0.7,0.7,1,0.3,1,1.3,1.7,0.3,0,2,1,7.7,2.4,0.412,0.444,0.074,2.3,6.8,4.5,15,1,0,17.7,29.7,-0.2,0,-0.2,-0.178,-8.1,-5.6,-13.8,-0.1,0
"311","Khyri Thomas",2021,"G",24,"HOU",3,0,28.7,7.3,14.3,0.512,2.7,7.3,0.364,4.7,7,0.667,0.605,3,3,1,1.3,2.7,4,3,2.7,1,1,1.7,20.3,27.5,0.649,0.512,0.209,4.7,10.3,7.4,18.7,4.4,3.1,6,24.7,0.3,0.1,0.4,0.237,3.8,2.3,6.1,0.2,0
"312","Matt Thomas",2021,"SG",26,"TOT",42,0,7.4,1.2,2.9,0.41,0.6,1.8,0.351,0.5,1.1,0.511,0.52,0.3,0.3,0.857,0.2,0.8,1,0.4,0.1,0,0.3,0.4,3.3,10.1,0.542,0.631,0.115,2.5,11.9,7.2,8.7,0.5,0,9.2,19.7,0.1,0.2,0.3,0.045,-2.2,-2.4,-4.6,-0.2,0
"313","Sindarius Thornwell",2021,"SG",26,"TOT",18,1,8.1,0.6,1.9,0.294,0.3,0.9,0.313,0.3,1,0.278,0.368,0,0.1,0,0.1,0.4,0.6,0.6,0.7,0.1,0.3,0.6,1.4,4.9,0.358,0.471,0.059,1.4,5.9,3.6,8.9,4,1.3,14.7,11.9,-0.3,0.2,-0.1,-0.03,-6.9,1.7,-5.3,-0.1,0
"314","Matisse Thybulle",2021,"SG",23,"PHI",65,8,20,1.6,3.7,0.42,0.7,2.2,0.301,0.9,1.5,0.59,0.508,0.1,0.3,0.444,0.5,1.4,1.9,1,1.6,1.1,0.5,2,3.9,10.1,0.508,0.588,0.074,2.6,7.8,5.3,6.3,3.9,4.9,11.3,9.4,0.1,2.7,2.8,0.103,-2.7,4.3,1.6,1.2,0
"315","Killian Tillie",2021,"C",22,"MEM",17,0,8.5,0.8,2.6,0.318,0.4,1.6,0.259,0.4,1,0.412,0.398,0.4,0.4,0.857,0.4,0.7,1.1,0.4,0.3,0.5,0.1,1.1,2.4,8.5,0.435,0.614,0.159,4.4,9,6.6,6.1,1.7,5,2.1,14.1,0,0.2,0.2,0.058,-4,-0.1,-4.1,-0.1,0
"316","Xavier Tillman Sr.",2021,"PF",22,"MEM",56,11,18.7,2.9,5.2,0.552,0.4,1.2,0.338,2.5,4,0.613,0.59,0.6,0.9,0.653,1.3,3.1,4.4,1.3,0.8,0.6,0.7,2,6.7,14.8,0.6,0.224,0.169,7.1,18,12.5,9.6,2,2.7,11.1,14.2,1.4,1.4,2.9,0.131,-1.2,0.9,-0.3,0.4,0
"317","Anthony Tolliver",2021,"PF",35,"PHI",8,0,9.8,0.1,1.5,0.083,0.1,1.1,0.111,0,0.4,0,0.125,0.6,0.8,0.833,0.4,0.8,1.1,0.3,0.4,0.3,0.4,0.8,1,1.4,0.273,0.75,0.5,4.3,8.3,6.3,3,1.9,2.3,17,9.7,-0.2,0.1,-0.1,-0.031,-7.9,-1.4,-9.3,-0.1,0
"318","Obi Toppin",2021,"PF",22,"NYK",59,0,11.2,1.7,3.4,0.493,0.4,1.4,0.301,1.3,2,0.625,0.554,0.3,0.4,0.731,0.4,1.9,2.3,0.5,0.3,0.2,0.4,0.9,4.1,12.6,0.569,0.409,0.128,4.3,17.9,11.1,6.3,1.3,2,9.7,15.9,0.5,1,1.5,0.105,-1.6,0.4,-1.2,0.1,0
"319","Juan Toscano-Anderson",2021,"SG",27,"GSW",51,15,20.5,2.2,3.8,0.585,0.7,1.7,0.412,1.5,2.2,0.718,0.674,0.4,0.6,0.69,0.5,3.8,4.4,2.7,0.8,0.5,1.1,2.1,5.5,12.6,0.681,0.436,0.149,2.9,19.5,11.3,17.8,1.7,2.2,21.8,10.8,1.3,1.5,2.8,0.13,-1.6,2.2,0.7,0.7,0
"320","Axel Toupane",2021,"SF",28,"MIL",8,1,7.6,0.5,1.4,0.364,0.1,0.3,0.5,0.4,1.1,0.333,0.409,0.6,0.9,0.714,0,0.8,0.8,0.5,0.3,0.4,0,0.8,1.8,9.1,0.497,0.182,0.636,0,10,5.2,7.6,1.5,4.4,0,9.7,0.1,0.1,0.1,0.098,-4.4,1.3,-3.1,0,0
"321","Rayjon Tucker",2021,"PG",23,"PHI",13,0,3.8,0.4,1,0.385,0.2,0.5,0.286,0.2,0.5,0.5,0.462,0.9,1.1,0.857,0.1,0.6,0.7,0.4,0.2,0,0.2,0.5,1.8,15.3,0.626,0.538,1.077,2.2,17.2,9.9,13.3,1.9,0,13.5,19,0.1,0.1,0.2,0.18,-3.2,0.7,-2.5,0,0
"322","Denzel Valentine",2021,"SG",27,"CHI",60,3,16.7,2.5,6.7,0.38,1.3,3.9,0.332,1.2,2.8,0.448,0.478,0.3,0.3,0.941,0.4,2.8,3.2,1.7,0.5,0.1,0.7,1.1,6.6,10.4,0.488,0.588,0.043,2.7,18.6,10.7,13.9,1.5,0.5,9.3,19.5,-0.3,1,0.7,0.036,-1.9,-0.7,-2.7,-0.2,0
"323","Jarred Vanderbilt",2021,"PF",21,"MIN",61,28,17.7,2.2,3.6,0.606,0,0.1,0.25,2.2,3.6,0.613,0.609,0.9,1.6,0.561,1.8,3.9,5.7,1.2,1,0.7,0.9,2,5.3,16,0.613,0.018,0.443,10.4,24.7,17.3,9.5,2.6,3.6,16.4,12.2,1.5,1.5,2.9,0.13,-1.7,1.1,-0.6,0.4,0
"324","Anderson Varejao",2021,"C",38,"CLE",3,0,9.3,0.3,3.7,0.091,0,0.3,0,0.3,3.3,0.1,0.091,1.3,2.7,0.5,1.7,3.3,5,1,0,0.3,0.3,1,2,4.1,0.207,0.091,0.727,19.5,41.3,30.1,14.1,0,3.2,6.4,24.2,-0.1,0,-0.1,-0.169,-8,-2.9,-10.9,-0.1,0
"325","Devin Vassell",2021,"SF",20,"SAS",58,6,16.6,1.9,4.6,0.418,0.9,2.3,0.381,1.1,2.3,0.455,0.513,0.6,0.8,0.841,0.4,2.4,2.8,0.9,0.7,0.3,0.3,1.4,5.4,11.2,0.543,0.5,0.164,2.5,15.4,8.9,7,2.1,1.4,6.5,13.9,0.5,1.1,1.7,0.084,-2.1,0.9,-1.2,0.2,0
"326","Gabe Vincent",2021,"PG",24,"MIA",47,6,13.1,1.7,4.7,0.373,0.9,3,0.305,0.8,1.7,0.494,0.47,0.4,0.5,0.87,0.2,0.9,1.1,1.2,0.4,0,0.6,1.6,4.8,7.2,0.493,0.641,0.105,1.9,7.3,4.6,13.5,1.5,0.3,11.5,19.1,-0.4,0.5,0.1,0.005,-4.7,-1.2,-5.9,-0.6,0
"327","Noah Vonleh",2021,"PF",25,"BRK",4,0,2.8,0,0.8,0,0,0.5,0,0,0.3,0,0,0,0,0,0,0.3,0.3,0.3,0,0,0.5,0.5,0,-19,0,0.667,0,0,9.6,5,10.2,0,0,40,19.8,-0.1,0,-0.1,-0.488,-20.9,-8.9,-29.9,-0.1,0
"328","Dean Wade",2021,"PF",24,"CLE",60,16,18.6,2.1,4.8,0.429,1.2,3.3,0.364,0.9,1.5,0.573,0.554,0.5,0.6,0.771,0.6,2.7,3.3,1.1,0.5,0.4,0.5,1.1,5.8,11.4,0.57,0.69,0.122,3.4,16.6,9.8,8.9,1.4,1.7,8.2,12.9,1,0.8,1.8,0.079,-0.9,-0.3,-1.1,0.2,0
"329","Brad Wanamaker",2021,"PG",31,"TOT",61,0,17.3,1.9,4.9,0.385,0.3,1.4,0.188,1.6,3.5,0.463,0.411,1.5,1.7,0.891,0.3,1.4,1.7,2.9,0.7,0.2,1.2,1.5,5.5,9.5,0.489,0.284,0.338,1.8,8.8,5.3,22.4,1.9,1,17.1,16.9,-0.2,1,0.9,0.039,-4.6,-0.2,-4.8,-0.7,0
"330","Yuta Watanabe",2021,"SF",26,"TOR",49,3,14.6,1.6,3.6,0.446,0.7,1.8,0.404,0.9,1.8,0.489,0.548,0.5,0.6,0.828,0.7,2.5,3.2,0.8,0.5,0.4,0.4,1.2,4.4,12.5,0.574,0.503,0.164,5.4,19.4,12.1,7.7,1.7,2.7,8.7,12.6,0.8,0.8,1.6,0.109,-1,0.5,-0.5,0.3,0
"331","Tremont Waters",2021,"PG",23,"BOS",23,2,7.3,0.9,2.3,0.37,0.3,1,0.348,0.5,1.3,0.387,0.444,0.6,0.6,0.929,0.1,0.4,0.6,2,0.6,0,0.8,0.6,2.7,13.6,0.507,0.426,0.259,2,6.7,4.3,37.7,3.8,0,24,20.3,0,0.2,0.2,0.066,-0.9,0.2,-0.7,0.1,0
"332","Paul Watson",2021,"SF",26,"TOR",27,2,11,1.4,3,0.463,1.1,2.4,0.469,0.3,0.7,0.444,0.646,0.2,0.3,0.625,0.1,1.5,1.7,0.6,0.2,0.1,0.3,1.3,4.1,10.9,0.649,0.78,0.098,1.4,15.7,8.3,8.2,1,1,9.5,13.8,0.4,0.2,0.6,0.098,-0.7,-0.7,-1.4,0,0
"333","Quinndary Weatherspoon",2021,"SG",24,"SAS",18,0,4.5,0.3,0.9,0.353,0,0.2,0,0.3,0.8,0.429,0.353,0.6,0.7,0.833,0.1,0.2,0.3,0.3,0.3,0.1,0.5,0.7,1.2,5.4,0.494,0.176,0.706,2.6,5.3,3.9,9.4,3.6,2.1,28.8,16.8,-0.2,0.1,-0.1,-0.036,-8.1,0.9,-7.2,-0.1,0
"334","Hassan Whiteside",2021,"C",31,"SAC",36,4,15.2,3.5,6.2,0.563,0,0,0,3.5,6.2,0.565,0.563,1.1,2.2,0.519,1.7,4.3,6,0.6,0.3,1.3,1.1,2,8.1,19.2,0.566,0.004,0.353,12.3,31.8,21.9,5.6,0.8,7.1,13.4,23.6,0.3,0.6,0.9,0.081,-1.8,-0.6,-2.5,-0.1,0
"335","Greg Whittington",2021,"PF",27,"DEN",4,0,3,0,0.8,0,0,0.5,0,0,0.3,0,0,0,0,0,0,0,0,0,0,0,0,0,0,-10.1,0,0.667,0,0,0,0,0,0,0,0,10.9,-0.1,0,-0.1,-0.259,-11.4,-6.1,-17.5,0,0
"336","Grant Williams",2021,"PF",22,"BOS",60,8,17.7,1.6,3.7,0.429,0.7,2,0.361,0.9,1.7,0.51,0.527,0.5,0.8,0.587,0.7,2,2.7,1,0.5,0.4,0.9,2.5,4.4,7.2,0.538,0.545,0.205,4.6,12.6,8.6,7.2,1.4,2,17.6,12,0,0.9,0.9,0.041,-4.2,-0.1,-4.2,-0.6,0
"337","Kenrich Williams",2021,"PF",26,"OKC",66,13,21.6,3.3,6.2,0.533,0.8,1.8,0.444,2.5,4.5,0.568,0.596,0.5,1,0.571,1.3,2.9,4.1,2.3,0.8,0.3,1.2,2.2,8,13.9,0.599,0.285,0.153,6,14,10,16.4,1.8,1.1,14.8,15.3,1.6,1.2,2.8,0.095,-1.1,0.7,-0.3,0.6,0
"338","Lou Williams",2021,"PG",34,"TOT",63,4,21.8,4.1,10,0.411,1.1,2.7,0.394,3,7.3,0.417,0.464,2.3,2.7,0.863,0.3,1.7,2.1,3.4,0.7,0.1,1.6,0.9,11.6,14.1,0.519,0.271,0.268,1.8,8.6,5.3,23.2,1.7,0.4,12.7,25.8,0.5,1.1,1.6,0.057,-1,-1.8,-2.9,-0.3,0
"339","Robert Williams",2021,"C",23,"BOS",52,13,18.9,3.6,5,0.721,0,0,0,3.6,4.9,0.727,0.721,0.9,1.4,0.616,2.6,4.3,6.9,1.8,0.8,1.8,1,2,8,25.7,0.719,0.008,0.283,15,25.7,20.3,14.2,2.1,8.7,15.2,15,3.4,1.9,5.3,0.256,3,3.1,6.1,2,0
"340","D.J. Wilson",2021,"PF",24,"TOT",35,1,12.4,1.9,4.8,0.405,0.9,2.5,0.345,1.1,2.3,0.469,0.494,0.5,0.7,0.68,0.6,2.6,3.2,0.7,0.3,0.5,0.6,1.3,5.2,11.6,0.511,0.518,0.149,4.8,23.1,13.7,7.9,1.2,3.3,10.9,19.7,-0.2,0.5,0.3,0.033,-2.8,-0.7,-3.5,-0.2,0
"341","Dylan Windler",2021,"SF",24,"CLE",31,0,16.5,1.8,4.2,0.438,0.8,2.5,0.338,1,1.7,0.585,0.538,0.7,0.9,0.778,0.6,2.8,3.5,1.1,0.6,0.4,1,1.2,5.2,10.8,0.567,0.592,0.208,4.3,19.6,11.7,9.4,1.8,2.1,18.4,14.8,0,0.5,0.5,0.044,-1.8,0.1,-1.7,0,0
"342","Justise Winslow",2021,"SF",24,"MEM",25,0,18.8,2.6,7.6,0.34,0.2,1.9,0.125,2.4,5.7,0.413,0.356,0.7,1.2,0.586,0.6,3.6,4.2,1.8,0.6,0.5,1.4,1.7,6.1,5.4,0.375,0.251,0.152,3.6,20.4,11.9,13.1,1.5,2.3,14.3,21.4,-1.4,0.6,-0.8,-0.08,-6.7,0.1,-6.6,-0.5,0
"343","Cassius Winston",2021,"PG",22,"WAS",21,0,4.6,0.7,1.6,0.424,0.4,0.8,0.471,0.3,0.8,0.375,0.545,0.2,0.3,0.833,0,0.4,0.4,0.6,0.1,0,0.2,0.4,2,10.9,0.575,0.515,0.182,0,9.8,4.9,16.5,1,0.9,12.3,17.3,0.1,0.1,0.1,0.065,-1.7,-1.2,-2.9,0,0
"344","Robert Woodard",2021,"SF",21,"SAC",11,0,2.6,0.6,1.3,0.5,0.1,0.4,0.25,0.5,0.9,0.6,0.536,0.3,0.7,0.375,0.3,0.7,1,0,0,0.2,0.1,0.2,1.6,18.4,0.514,0.286,0.571,11.4,31.1,21.1,0,0,5.8,5.4,27.5,0,0,0,0.037,0.2,-3.3,-3.2,0,0
"345","Thaddeus Young",2021,"PF",32,"CHI",65,20,24.1,5.4,9.6,0.56,0.2,0.7,0.279,5.2,8.9,0.581,0.57,1,1.6,0.635,2.4,3.7,6.1,4.3,1.1,0.6,2,2.3,11.9,20.2,0.58,0.069,0.167,11,16.8,13.9,27.1,2.3,2,16.2,22,2.7,2.1,4.8,0.147,1.8,1.3,3.1,2,0
"346","Cody Zeller",2021,"C",28,"CHO",45,20,20.5,3.8,6.7,0.558,0.1,0.6,0.143,3.7,6.1,0.6,0.564,1.7,2.5,0.703,2.5,4.4,6.8,1.8,0.6,0.4,1,2.5,9.3,18.6,0.597,0.092,0.366,12.9,23.3,18,13.4,1.4,1.8,11.6,18.6,2,1.1,3.1,0.162,0,0,0,0.5,0
"347","Ivica Zubac",2021,"C",23,"LAC",69,30,22.8,3.7,5.6,0.65,0,0,0,3.7,5.6,0.655,0.65,1.9,2.4,0.787,2.7,4.7,7.4,1.3,0.3,0.9,1.1,2.6,9.3,19.2,0.69,0.008,0.434,13.7,22.4,18.2,7.9,0.8,3.4,14.4,15.3,4.7,2.1,6.8,0.208,0.8,-0.1,0.7,1.1,0
